"0","d <- pxweb_interactive()"
"1",""
"1","="
"1",""
"1","="
"1",""
"1","="
"1",""
"1","="
"1",""
"1","="
"1",""
"1","="
"1",""
"1","="
"1",""
"1","="
"1",""
"1","="
"1",""
"1","="
"1",""
"1","="
"1",""
"1","="
"1",""
"1","="
"1",""
"1","="
"1",""
"1","="
"1",""
"1","="
"1",""
"1","="
"1",""
"1","="
"1",""
"1","="
"1",""
"1","="
"1",""
"1","="
"1",""
"1","="
"1",""
"1","="
"1",""
"1","="
"1",""
"1","="
"1",""
"1","="
"1",""
"1","="
"1",""
"1","="
"1",""
"1","="
"1",""
"1","="
"1",""
"1","="
"1",""
"1","="
"1",""
"1","="
"1",""
"1","="
"1",""
"1","="
"1",""
"1","="
"1",""
"1","="
"1",""
"1","="
"1",""
"1","="
"1",""
"1","="
"1",""
"1","="
"1",""
"1","="
"1",""
"1","="
"1",""
"1","="
"1",""
"1","="
"1",""
"1","="
"1",""
"1","="
"1",""
"1","="
"1",""
"1","="
"1",""
"1","="
"1",""
"1","="
"1",""
"1","="
"1",""
"1","="
"1",""
"1","="
"1",""
"1","="
"1",""
"1","="
"1",""
"1","="
"1",""
"1","="
"1",""
"1","="
"1",""
"1","="
"1",""
"1","="
"1",""
"1","="
"1",""
"1","="
"1",""
"1","="
"1",""
"1","="
"1",""
"1","="
"1",""
"1","="
"1",""
"1","="
"1",""
"1","="
"1",""
"1","="
"1",""
"1","="
"1",""
"1","="
"1",""
"1","="
"1",""
"1","="
"1",""
"1","="
"1",""
"1","="
"1",""
"1","="
"1",""
"1","="
"1",""
"1","="
"1",""
"1","="
"1",""
"1","="
"1",""
"1","="
"1",""
"1","="
"1",""
"1","="
"1",""
"1","="
"1",""
"1","="
"1",""
"1","="
"1",""
"1","="
"1",""
"1","="
"1",""
"1","="
"1",""
"1","="
"1",""
"1","="
"1",""
"1","="
"1",""
"1","="
"1",""
"1","="
"1",""
"1","="
"1",""
"1","="
"1",""
"1","="
"1",""
"1","="
"1",""
"1","="
"1",""
"1","="
"1",""
"1","="
"1",""
"1","="
"1",""
"1","="
"1",""
"1","="
"1",""
"1","="
"1",""
"1","
"
"1"," R PXWEB API CATALOGUE:
"
"1","="
"1",""
"1","="
"1",""
"1","="
"1",""
"1","="
"1",""
"1","="
"1",""
"1","="
"1",""
"1","="
"1",""
"1","="
"1",""
"1","="
"1",""
"1","="
"1",""
"1","="
"1",""
"1","="
"1",""
"1","="
"1",""
"1","="
"1",""
"1","="
"1",""
"1","="
"1",""
"1","="
"1",""
"1","="
"1",""
"1","="
"1",""
"1","="
"1",""
"1","="
"1",""
"1","="
"1",""
"1","="
"1",""
"1","="
"1",""
"1","="
"1",""
"1","="
"1",""
"1","="
"1",""
"1","="
"1",""
"1","="
"1",""
"1","="
"1",""
"1","="
"1",""
"1","="
"1",""
"1","="
"1",""
"1","="
"1",""
"1","="
"1",""
"1","="
"1",""
"1","="
"1",""
"1","="
"1",""
"1","="
"1",""
"1","="
"1",""
"1","="
"1",""
"1","="
"1",""
"1","="
"1",""
"1","="
"1",""
"1","="
"1",""
"1","="
"1",""
"1","="
"1",""
"1","="
"1",""
"1","="
"1",""
"1","="
"1",""
"1","="
"1",""
"1","="
"1",""
"1","="
"1",""
"1","="
"1",""
"1","="
"1",""
"1","="
"1",""
"1","="
"1",""
"1","="
"1",""
"1","="
"1",""
"1","="
"1",""
"1","="
"1",""
"1","="
"1",""
"1","="
"1",""
"1","="
"1",""
"1","="
"1",""
"1","="
"1",""
"1","="
"1",""
"1","="
"1",""
"1","="
"1",""
"1","="
"1",""
"1","="
"1",""
"1","="
"1",""
"1","="
"1",""
"1","="
"1",""
"1","="
"1",""
"1","="
"1",""
"1","="
"1",""
"1","="
"1",""
"1","="
"1",""
"1","="
"1",""
"1","="
"1",""
"1","="
"1",""
"1","="
"1",""
"1","="
"1",""
"1","="
"1",""
"1","="
"1",""
"1","="
"1",""
"1","="
"1",""
"1","="
"1",""
"1","="
"1",""
"1","="
"1",""
"1","="
"1",""
"1","="
"1",""
"1","="
"1",""
"1","="
"1",""
"1","="
"1",""
"1","="
"1",""
"1","="
"1",""
"1","="
"1",""
"1","="
"1",""
"1","="
"1",""
"1","="
"1",""
"1","="
"1",""
"1","="
"1",""
"1","="
"1",""
"1","="
"1",""
"1","
"
"1"," [  1 ] : Statistics Sweden
"
"1"," [  2 ] : Statistics Finland
"
"1"," [  3 ] : Statistics Finland (old version)
"
"1"," [  4 ] : The Swedish Agricultural Agency
"
"1","
"
"1"," [ 27 ] : Helsingin seudun aluesarjat -tilastotietokanta
"
"1"," [ 28 ] : Estonia - official statistics
"
"1"," [ 29 ] : Nordic Statistics Database
"
"1"," [ 30 ] : SiStat Database
"
"1","="
"1",""
"1","="
"1",""
"1","="
"1",""
"1","="
"1",""
"1","="
"1",""
"1","="
"1",""
"1","="
"1",""
"1","="
"1",""
"1","="
"1",""
"1","="
"1",""
"1","="
"1",""
"1","="
"1",""
"1","="
"1",""
"1","="
"1",""
"1","="
"1",""
"1","="
"1",""
"1","="
"1",""
"1","="
"1",""
"1","="
"1",""
"1","="
"1",""
"1","="
"1",""
"1","="
"1",""
"1","="
"1",""
"1","="
"1",""
"1","="
"1",""
"1","="
"1",""
"1","="
"1",""
"1","="
"1",""
"1","="
"1",""
"1","="
"1",""
"1","="
"1",""
"1","="
"1",""
"1","="
"1",""
"1","="
"1",""
"1","="
"1",""
"1","="
"1",""
"1","="
"1",""
"1","="
"1",""
"1","="
"1",""
"1","="
"1",""
"1","="
"1",""
"1","="
"1",""
"1","="
"1",""
"1","="
"1",""
"1","="
"1",""
"1","="
"1",""
"1","="
"1",""
"1","="
"1",""
"1","="
"1",""
"1","="
"1",""
"1","="
"1",""
"1","="
"1",""
"1","="
"1",""
"1","="
"1",""
"1","="
"1",""
"1","="
"1",""
"1","="
"1",""
"1","="
"1",""
"1","="
"1",""
"1","="
"1",""
"1","="
"1",""
"1","="
"1",""
"1","="
"1",""
"1","="
"1",""
"1","="
"1",""
"1","="
"1",""
"1","="
"1",""
"1","="
"1",""
"1","="
"1",""
"1","="
"1",""
"1","="
"1",""
"1","="
"1",""
"1","="
"1",""
"1","="
"1",""
"1","="
"1",""
"1","="
"1",""
"1","="
"1",""
"1","="
"1",""
"1","="
"1",""
"1","="
"1",""
"1","="
"1",""
"1","="
"1",""
"1","="
"1",""
"1","="
"1",""
"1","="
"1",""
"1","="
"1",""
"1","="
"1",""
"1","="
"1",""
"1","="
"1",""
"1","="
"1",""
"1","="
"1",""
"1","="
"1",""
"1","="
"1",""
"1","="
"1",""
"1","="
"1",""
"1","="
"1",""
"1","="
"1",""
"1","="
"1",""
"1","="
"1",""
"1","="
"1",""
"1","="
"1",""
"1","="
"1",""
"1","="
"1",""
"1","="
"1",""
"1","="
"1",""
"1","="
"1",""
"1","
"
"1","Enter your choice:
"
"1","('esc' = Quit, 'a' = Show all, 'i' = Show id)"
"1"," "
"1","
"
"0","1"
"1",""
"1","="
"1",""
"1","="
"1",""
"1","="
"1",""
"1","="
"1",""
"1","="
"1",""
"1","="
"1",""
"1","="
"1",""
"1","="
"1",""
"1","="
"1",""
"1","="
"1",""
"1","="
"1",""
"1","="
"1",""
"1","="
"1",""
"1","="
"1",""
"1","="
"1",""
"1","="
"1",""
"1","="
"1",""
"1","="
"1",""
"1","="
"1",""
"1","="
"1",""
"1","="
"1",""
"1","="
"1",""
"1","="
"1",""
"1","="
"1",""
"1","="
"1",""
"1","="
"1",""
"1","="
"1",""
"1","="
"1",""
"1","="
"1",""
"1","="
"1",""
"1","="
"1",""
"1","="
"1",""
"1","="
"1",""
"1","="
"1",""
"1","="
"1",""
"1","="
"1",""
"1","="
"1",""
"1","="
"1",""
"1","="
"1",""
"1","="
"1",""
"1","="
"1",""
"1","="
"1",""
"1","="
"1",""
"1","="
"1",""
"1","="
"1",""
"1","="
"1",""
"1","="
"1",""
"1","="
"1",""
"1","="
"1",""
"1","="
"1",""
"1","="
"1",""
"1","="
"1",""
"1","="
"1",""
"1","="
"1",""
"1","="
"1",""
"1","="
"1",""
"1","="
"1",""
"1","="
"1",""
"1","="
"1",""
"1","="
"1",""
"1","="
"1",""
"1","="
"1",""
"1","="
"1",""
"1","="
"1",""
"1","="
"1",""
"1","="
"1",""
"1","="
"1",""
"1","="
"1",""
"1","="
"1",""
"1","="
"1",""
"1","="
"1",""
"1","="
"1",""
"1","="
"1",""
"1","="
"1",""
"1","="
"1",""
"1","="
"1",""
"1","="
"1",""
"1","="
"1",""
"1","="
"1",""
"1","="
"1",""
"1","="
"1",""
"1","="
"1",""
"1","="
"1",""
"1","="
"1",""
"1","="
"1",""
"1","="
"1",""
"1","="
"1",""
"1","="
"1",""
"1","="
"1",""
"1","="
"1",""
"1","="
"1",""
"1","="
"1",""
"1","="
"1",""
"1","="
"1",""
"1","="
"1",""
"1","="
"1",""
"1","="
"1",""
"1","="
"1",""
"1","="
"1",""
"1","="
"1",""
"1","="
"1",""
"1","="
"1",""
"1","="
"1",""
"1","="
"1",""
"1","="
"1",""
"1","="
"1",""
"1","
"
"1"," R PXWEB: Content of '"
"1",""
"1","api.scb.se"
"1",""
"1","'
"
"1","="
"1",""
"1","="
"1",""
"1","="
"1",""
"1","="
"1",""
"1","="
"1",""
"1","="
"1",""
"1","="
"1",""
"1","="
"1",""
"1","="
"1",""
"1","="
"1",""
"1","="
"1",""
"1","="
"1",""
"1","="
"1",""
"1","="
"1",""
"1","="
"1",""
"1","="
"1",""
"1","="
"1",""
"1","="
"1",""
"1","="
"1",""
"1","="
"1",""
"1","="
"1",""
"1","="
"1",""
"1","="
"1",""
"1","="
"1",""
"1","="
"1",""
"1","="
"1",""
"1","="
"1",""
"1","="
"1",""
"1","="
"1",""
"1","="
"1",""
"1","="
"1",""
"1","="
"1",""
"1","="
"1",""
"1","="
"1",""
"1","="
"1",""
"1","="
"1",""
"1","="
"1",""
"1","="
"1",""
"1","="
"1",""
"1","="
"1",""
"1","="
"1",""
"1","="
"1",""
"1","="
"1",""
"1","="
"1",""
"1","="
"1",""
"1","="
"1",""
"1","="
"1",""
"1","="
"1",""
"1","="
"1",""
"1","="
"1",""
"1","="
"1",""
"1","="
"1",""
"1","="
"1",""
"1","="
"1",""
"1","="
"1",""
"1","="
"1",""
"1","="
"1",""
"1","="
"1",""
"1","="
"1",""
"1","="
"1",""
"1","="
"1",""
"1","="
"1",""
"1","="
"1",""
"1","="
"1",""
"1","="
"1",""
"1","="
"1",""
"1","="
"1",""
"1","="
"1",""
"1","="
"1",""
"1","="
"1",""
"1","="
"1",""
"1","="
"1",""
"1","="
"1",""
"1","="
"1",""
"1","="
"1",""
"1","="
"1",""
"1","="
"1",""
"1","="
"1",""
"1","="
"1",""
"1","="
"1",""
"1","="
"1",""
"1","="
"1",""
"1","="
"1",""
"1","="
"1",""
"1","="
"1",""
"1","="
"1",""
"1","="
"1",""
"1","="
"1",""
"1","="
"1",""
"1","="
"1",""
"1","="
"1",""
"1","="
"1",""
"1","="
"1",""
"1","="
"1",""
"1","="
"1",""
"1","="
"1",""
"1","="
"1",""
"1","="
"1",""
"1","="
"1",""
"1","="
"1",""
"1","="
"1",""
"1","="
"1",""
"1","="
"1",""
"1","="
"1",""
"1","="
"1",""
"1","="
"1",""
"1","
"
"1"," [ 1 ] : v1
"
"1","="
"1",""
"1","="
"1",""
"1","="
"1",""
"1","="
"1",""
"1","="
"1",""
"1","="
"1",""
"1","="
"1",""
"1","="
"1",""
"1","="
"1",""
"1","="
"1",""
"1","="
"1",""
"1","="
"1",""
"1","="
"1",""
"1","="
"1",""
"1","="
"1",""
"1","="
"1",""
"1","="
"1",""
"1","="
"1",""
"1","="
"1",""
"1","="
"1",""
"1","="
"1",""
"1","="
"1",""
"1","="
"1",""
"1","="
"1",""
"1","="
"1",""
"1","="
"1",""
"1","="
"1",""
"1","="
"1",""
"1","="
"1",""
"1","="
"1",""
"1","="
"1",""
"1","="
"1",""
"1","="
"1",""
"1","="
"1",""
"1","="
"1",""
"1","="
"1",""
"1","="
"1",""
"1","="
"1",""
"1","="
"1",""
"1","="
"1",""
"1","="
"1",""
"1","="
"1",""
"1","="
"1",""
"1","="
"1",""
"1","="
"1",""
"1","="
"1",""
"1","="
"1",""
"1","="
"1",""
"1","="
"1",""
"1","="
"1",""
"1","="
"1",""
"1","="
"1",""
"1","="
"1",""
"1","="
"1",""
"1","="
"1",""
"1","="
"1",""
"1","="
"1",""
"1","="
"1",""
"1","="
"1",""
"1","="
"1",""
"1","="
"1",""
"1","="
"1",""
"1","="
"1",""
"1","="
"1",""
"1","="
"1",""
"1","="
"1",""
"1","="
"1",""
"1","="
"1",""
"1","="
"1",""
"1","="
"1",""
"1","="
"1",""
"1","="
"1",""
"1","="
"1",""
"1","="
"1",""
"1","="
"1",""
"1","="
"1",""
"1","="
"1",""
"1","="
"1",""
"1","="
"1",""
"1","="
"1",""
"1","="
"1",""
"1","="
"1",""
"1","="
"1",""
"1","="
"1",""
"1","="
"1",""
"1","="
"1",""
"1","="
"1",""
"1","="
"1",""
"1","="
"1",""
"1","="
"1",""
"1","="
"1",""
"1","="
"1",""
"1","="
"1",""
"1","="
"1",""
"1","="
"1",""
"1","="
"1",""
"1","="
"1",""
"1","="
"1",""
"1","="
"1",""
"1","="
"1",""
"1","="
"1",""
"1","="
"1",""
"1","="
"1",""
"1","="
"1",""
"1","="
"1",""
"1","="
"1",""
"1","
"
"1","Enter your choice:
"
"1","('esc' = Quit, 'i' = Show id)"
"1"," "
"1","
"
"0","1"
"1",""
"1","="
"1",""
"1","="
"1",""
"1","="
"1",""
"1","="
"1",""
"1","="
"1",""
"1","="
"1",""
"1","="
"1",""
"1","="
"1",""
"1","="
"1",""
"1","="
"1",""
"1","="
"1",""
"1","="
"1",""
"1","="
"1",""
"1","="
"1",""
"1","="
"1",""
"1","="
"1",""
"1","="
"1",""
"1","="
"1",""
"1","="
"1",""
"1","="
"1",""
"1","="
"1",""
"1","="
"1",""
"1","="
"1",""
"1","="
"1",""
"1","="
"1",""
"1","="
"1",""
"1","="
"1",""
"1","="
"1",""
"1","="
"1",""
"1","="
"1",""
"1","="
"1",""
"1","="
"1",""
"1","="
"1",""
"1","="
"1",""
"1","="
"1",""
"1","="
"1",""
"1","="
"1",""
"1","="
"1",""
"1","="
"1",""
"1","="
"1",""
"1","="
"1",""
"1","="
"1",""
"1","="
"1",""
"1","="
"1",""
"1","="
"1",""
"1","="
"1",""
"1","="
"1",""
"1","="
"1",""
"1","="
"1",""
"1","="
"1",""
"1","="
"1",""
"1","="
"1",""
"1","="
"1",""
"1","="
"1",""
"1","="
"1",""
"1","="
"1",""
"1","="
"1",""
"1","="
"1",""
"1","="
"1",""
"1","="
"1",""
"1","="
"1",""
"1","="
"1",""
"1","="
"1",""
"1","="
"1",""
"1","="
"1",""
"1","="
"1",""
"1","="
"1",""
"1","="
"1",""
"1","="
"1",""
"1","="
"1",""
"1","="
"1",""
"1","="
"1",""
"1","="
"1",""
"1","="
"1",""
"1","="
"1",""
"1","="
"1",""
"1","="
"1",""
"1","="
"1",""
"1","="
"1",""
"1","="
"1",""
"1","="
"1",""
"1","="
"1",""
"1","="
"1",""
"1","="
"1",""
"1","="
"1",""
"1","="
"1",""
"1","="
"1",""
"1","="
"1",""
"1","="
"1",""
"1","="
"1",""
"1","="
"1",""
"1","="
"1",""
"1","="
"1",""
"1","="
"1",""
"1","="
"1",""
"1","="
"1",""
"1","="
"1",""
"1","="
"1",""
"1","="
"1",""
"1","="
"1",""
"1","="
"1",""
"1","="
"1",""
"1","="
"1",""
"1","="
"1",""
"1","="
"1",""
"1","="
"1",""
"1","
"
"1"," R PXWEB: Content of '"
"1",""
"1","api.scb.se"
"1",""
"1","'
"
"1","          at '"
"1",""
"1","/OV0104/v1"
"1",""
"1","'
"
"1","="
"1",""
"1","="
"1",""
"1","="
"1",""
"1","="
"1",""
"1","="
"1",""
"1","="
"1",""
"1","="
"1",""
"1","="
"1",""
"1","="
"1",""
"1","="
"1",""
"1","="
"1",""
"1","="
"1",""
"1","="
"1",""
"1","="
"1",""
"1","="
"1",""
"1","="
"1",""
"1","="
"1",""
"1","="
"1",""
"1","="
"1",""
"1","="
"1",""
"1","="
"1",""
"1","="
"1",""
"1","="
"1",""
"1","="
"1",""
"1","="
"1",""
"1","="
"1",""
"1","="
"1",""
"1","="
"1",""
"1","="
"1",""
"1","="
"1",""
"1","="
"1",""
"1","="
"1",""
"1","="
"1",""
"1","="
"1",""
"1","="
"1",""
"1","="
"1",""
"1","="
"1",""
"1","="
"1",""
"1","="
"1",""
"1","="
"1",""
"1","="
"1",""
"1","="
"1",""
"1","="
"1",""
"1","="
"1",""
"1","="
"1",""
"1","="
"1",""
"1","="
"1",""
"1","="
"1",""
"1","="
"1",""
"1","="
"1",""
"1","="
"1",""
"1","="
"1",""
"1","="
"1",""
"1","="
"1",""
"1","="
"1",""
"1","="
"1",""
"1","="
"1",""
"1","="
"1",""
"1","="
"1",""
"1","="
"1",""
"1","="
"1",""
"1","="
"1",""
"1","="
"1",""
"1","="
"1",""
"1","="
"1",""
"1","="
"1",""
"1","="
"1",""
"1","="
"1",""
"1","="
"1",""
"1","="
"1",""
"1","="
"1",""
"1","="
"1",""
"1","="
"1",""
"1","="
"1",""
"1","="
"1",""
"1","="
"1",""
"1","="
"1",""
"1","="
"1",""
"1","="
"1",""
"1","="
"1",""
"1","="
"1",""
"1","="
"1",""
"1","="
"1",""
"1","="
"1",""
"1","="
"1",""
"1","="
"1",""
"1","="
"1",""
"1","="
"1",""
"1","="
"1",""
"1","="
"1",""
"1","="
"1",""
"1","="
"1",""
"1","="
"1",""
"1","="
"1",""
"1","="
"1",""
"1","="
"1",""
"1","="
"1",""
"1","="
"1",""
"1","="
"1",""
"1","="
"1",""
"1","="
"1",""
"1","="
"1",""
"1","="
"1",""
"1","="
"1",""
"1","="
"1",""
"1","="
"1",""
"1","
"
"1"," [ 1 ] : en
"
"1"," [ 2 ] : sv
"
"1","="
"1",""
"1","="
"1",""
"1","="
"1",""
"1","="
"1",""
"1","="
"1",""
"1","="
"1",""
"1","="
"1",""
"1","="
"1",""
"1","="
"1",""
"1","="
"1",""
"1","="
"1",""
"1","="
"1",""
"1","="
"1",""
"1","="
"1",""
"1","="
"1",""
"1","="
"1",""
"1","="
"1",""
"1","="
"1",""
"1","="
"1",""
"1","="
"1",""
"1","="
"1",""
"1","="
"1",""
"1","="
"1",""
"1","="
"1",""
"1","="
"1",""
"1","="
"1",""
"1","="
"1",""
"1","="
"1",""
"1","="
"1",""
"1","="
"1",""
"1","="
"1",""
"1","="
"1",""
"1","="
"1",""
"1","="
"1",""
"1","="
"1",""
"1","="
"1",""
"1","="
"1",""
"1","="
"1",""
"1","="
"1",""
"1","="
"1",""
"1","="
"1",""
"1","="
"1",""
"1","="
"1",""
"1","="
"1",""
"1","="
"1",""
"1","="
"1",""
"1","="
"1",""
"1","="
"1",""
"1","="
"1",""
"1","="
"1",""
"1","="
"1",""
"1","="
"1",""
"1","="
"1",""
"1","="
"1",""
"1","="
"1",""
"1","="
"1",""
"1","="
"1",""
"1","="
"1",""
"1","="
"1",""
"1","="
"1",""
"1","="
"1",""
"1","="
"1",""
"1","="
"1",""
"1","="
"1",""
"1","="
"1",""
"1","="
"1",""
"1","="
"1",""
"1","="
"1",""
"1","="
"1",""
"1","="
"1",""
"1","="
"1",""
"1","="
"1",""
"1","="
"1",""
"1","="
"1",""
"1","="
"1",""
"1","="
"1",""
"1","="
"1",""
"1","="
"1",""
"1","="
"1",""
"1","="
"1",""
"1","="
"1",""
"1","="
"1",""
"1","="
"1",""
"1","="
"1",""
"1","="
"1",""
"1","="
"1",""
"1","="
"1",""
"1","="
"1",""
"1","="
"1",""
"1","="
"1",""
"1","="
"1",""
"1","="
"1",""
"1","="
"1",""
"1","="
"1",""
"1","="
"1",""
"1","="
"1",""
"1","="
"1",""
"1","="
"1",""
"1","="
"1",""
"1","="
"1",""
"1","="
"1",""
"1","="
"1",""
"1","="
"1",""
"1","="
"1",""
"1","="
"1",""
"1","="
"1",""
"1","
"
"1","Enter your choice:
"
"1","('esc' = Quit, 'b' = Back, 'i' = Show id)"
"1"," "
"1","
"
"0","2"
"1",""
"1","="
"1",""
"1","="
"1",""
"1","="
"1",""
"1","="
"1",""
"1","="
"1",""
"1","="
"1",""
"1","="
"1",""
"1","="
"1",""
"1","="
"1",""
"1","="
"1",""
"1","="
"1",""
"1","="
"1",""
"1","="
"1",""
"1","="
"1",""
"1","="
"1",""
"1","="
"1",""
"1","="
"1",""
"1","="
"1",""
"1","="
"1",""
"1","="
"1",""
"1","="
"1",""
"1","="
"1",""
"1","="
"1",""
"1","="
"1",""
"1","="
"1",""
"1","="
"1",""
"1","="
"1",""
"1","="
"1",""
"1","="
"1",""
"1","="
"1",""
"1","="
"1",""
"1","="
"1",""
"1","="
"1",""
"1","="
"1",""
"1","="
"1",""
"1","="
"1",""
"1","="
"1",""
"1","="
"1",""
"1","="
"1",""
"1","="
"1",""
"1","="
"1",""
"1","="
"1",""
"1","="
"1",""
"1","="
"1",""
"1","="
"1",""
"1","="
"1",""
"1","="
"1",""
"1","="
"1",""
"1","="
"1",""
"1","="
"1",""
"1","="
"1",""
"1","="
"1",""
"1","="
"1",""
"1","="
"1",""
"1","="
"1",""
"1","="
"1",""
"1","="
"1",""
"1","="
"1",""
"1","="
"1",""
"1","="
"1",""
"1","="
"1",""
"1","="
"1",""
"1","="
"1",""
"1","="
"1",""
"1","="
"1",""
"1","="
"1",""
"1","="
"1",""
"1","="
"1",""
"1","="
"1",""
"1","="
"1",""
"1","="
"1",""
"1","="
"1",""
"1","="
"1",""
"1","="
"1",""
"1","="
"1",""
"1","="
"1",""
"1","="
"1",""
"1","="
"1",""
"1","="
"1",""
"1","="
"1",""
"1","="
"1",""
"1","="
"1",""
"1","="
"1",""
"1","="
"1",""
"1","="
"1",""
"1","="
"1",""
"1","="
"1",""
"1","="
"1",""
"1","="
"1",""
"1","="
"1",""
"1","="
"1",""
"1","="
"1",""
"1","="
"1",""
"1","="
"1",""
"1","="
"1",""
"1","="
"1",""
"1","="
"1",""
"1","="
"1",""
"1","="
"1",""
"1","="
"1",""
"1","="
"1",""
"1","="
"1",""
"1","="
"1",""
"1","="
"1",""
"1","="
"1",""
"1","="
"1",""
"1","
"
"1"," R PXWEB: Content of '"
"1",""
"1","api.scb.se"
"1",""
"1","'
"
"1","          at '"
"1",""
"1","/OV0104/v1/doris/sv"
"1",""
"1","'
"
"1","="
"1",""
"1","="
"1",""
"1","="
"1",""
"1","="
"1",""
"1","="
"1",""
"1","="
"1",""
"1","="
"1",""
"1","="
"1",""
"1","="
"1",""
"1","="
"1",""
"1","="
"1",""
"1","="
"1",""
"1","="
"1",""
"1","="
"1",""
"1","="
"1",""
"1","="
"1",""
"1","="
"1",""
"1","="
"1",""
"1","="
"1",""
"1","="
"1",""
"1","="
"1",""
"1","="
"1",""
"1","="
"1",""
"1","="
"1",""
"1","="
"1",""
"1","="
"1",""
"1","="
"1",""
"1","="
"1",""
"1","="
"1",""
"1","="
"1",""
"1","="
"1",""
"1","="
"1",""
"1","="
"1",""
"1","="
"1",""
"1","="
"1",""
"1","="
"1",""
"1","="
"1",""
"1","="
"1",""
"1","="
"1",""
"1","="
"1",""
"1","="
"1",""
"1","="
"1",""
"1","="
"1",""
"1","="
"1",""
"1","="
"1",""
"1","="
"1",""
"1","="
"1",""
"1","="
"1",""
"1","="
"1",""
"1","="
"1",""
"1","="
"1",""
"1","="
"1",""
"1","="
"1",""
"1","="
"1",""
"1","="
"1",""
"1","="
"1",""
"1","="
"1",""
"1","="
"1",""
"1","="
"1",""
"1","="
"1",""
"1","="
"1",""
"1","="
"1",""
"1","="
"1",""
"1","="
"1",""
"1","="
"1",""
"1","="
"1",""
"1","="
"1",""
"1","="
"1",""
"1","="
"1",""
"1","="
"1",""
"1","="
"1",""
"1","="
"1",""
"1","="
"1",""
"1","="
"1",""
"1","="
"1",""
"1","="
"1",""
"1","="
"1",""
"1","="
"1",""
"1","="
"1",""
"1","="
"1",""
"1","="
"1",""
"1","="
"1",""
"1","="
"1",""
"1","="
"1",""
"1","="
"1",""
"1","="
"1",""
"1","="
"1",""
"1","="
"1",""
"1","="
"1",""
"1","="
"1",""
"1","="
"1",""
"1","="
"1",""
"1","="
"1",""
"1","="
"1",""
"1","="
"1",""
"1","="
"1",""
"1","="
"1",""
"1","="
"1",""
"1","="
"1",""
"1","="
"1",""
"1","="
"1",""
"1","="
"1",""
"1","="
"1",""
"1","="
"1",""
"1","="
"1",""
"1","="
"1",""
"1","
"
"1"," [ 1 ] : Statistikdatabasen
"
"1","="
"1",""
"1","="
"1",""
"1","="
"1",""
"1","="
"1",""
"1","="
"1",""
"1","="
"1",""
"1","="
"1",""
"1","="
"1",""
"1","="
"1",""
"1","="
"1",""
"1","="
"1",""
"1","="
"1",""
"1","="
"1",""
"1","="
"1",""
"1","="
"1",""
"1","="
"1",""
"1","="
"1",""
"1","="
"1",""
"1","="
"1",""
"1","="
"1",""
"1","="
"1",""
"1","="
"1",""
"1","="
"1",""
"1","="
"1",""
"1","="
"1",""
"1","="
"1",""
"1","="
"1",""
"1","="
"1",""
"1","="
"1",""
"1","="
"1",""
"1","="
"1",""
"1","="
"1",""
"1","="
"1",""
"1","="
"1",""
"1","="
"1",""
"1","="
"1",""
"1","="
"1",""
"1","="
"1",""
"1","="
"1",""
"1","="
"1",""
"1","="
"1",""
"1","="
"1",""
"1","="
"1",""
"1","="
"1",""
"1","="
"1",""
"1","="
"1",""
"1","="
"1",""
"1","="
"1",""
"1","="
"1",""
"1","="
"1",""
"1","="
"1",""
"1","="
"1",""
"1","="
"1",""
"1","="
"1",""
"1","="
"1",""
"1","="
"1",""
"1","="
"1",""
"1","="
"1",""
"1","="
"1",""
"1","="
"1",""
"1","="
"1",""
"1","="
"1",""
"1","="
"1",""
"1","="
"1",""
"1","="
"1",""
"1","="
"1",""
"1","="
"1",""
"1","="
"1",""
"1","="
"1",""
"1","="
"1",""
"1","="
"1",""
"1","="
"1",""
"1","="
"1",""
"1","="
"1",""
"1","="
"1",""
"1","="
"1",""
"1","="
"1",""
"1","="
"1",""
"1","="
"1",""
"1","="
"1",""
"1","="
"1",""
"1","="
"1",""
"1","="
"1",""
"1","="
"1",""
"1","="
"1",""
"1","="
"1",""
"1","="
"1",""
"1","="
"1",""
"1","="
"1",""
"1","="
"1",""
"1","="
"1",""
"1","="
"1",""
"1","="
"1",""
"1","="
"1",""
"1","="
"1",""
"1","="
"1",""
"1","="
"1",""
"1","="
"1",""
"1","="
"1",""
"1","="
"1",""
"1","="
"1",""
"1","="
"1",""
"1","="
"1",""
"1","="
"1",""
"1","="
"1",""
"1","="
"1",""
"1","
"
"1","Enter your choice:
"
"1","('esc' = Quit, 'b' = Back, 'i' = Show id)"
"1"," "
"1","
"
"0","1"
"1",""
"1","="
"1",""
"1","="
"1",""
"1","="
"1",""
"1","="
"1",""
"1","="
"1",""
"1","="
"1",""
"1","="
"1",""
"1","="
"1",""
"1","="
"1",""
"1","="
"1",""
"1","="
"1",""
"1","="
"1",""
"1","="
"1",""
"1","="
"1",""
"1","="
"1",""
"1","="
"1",""
"1","="
"1",""
"1","="
"1",""
"1","="
"1",""
"1","="
"1",""
"1","="
"1",""
"1","="
"1",""
"1","="
"1",""
"1","="
"1",""
"1","="
"1",""
"1","="
"1",""
"1","="
"1",""
"1","="
"1",""
"1","="
"1",""
"1","="
"1",""
"1","="
"1",""
"1","="
"1",""
"1","="
"1",""
"1","="
"1",""
"1","="
"1",""
"1","="
"1",""
"1","="
"1",""
"1","="
"1",""
"1","="
"1",""
"1","="
"1",""
"1","="
"1",""
"1","="
"1",""
"1","="
"1",""
"1","="
"1",""
"1","="
"1",""
"1","="
"1",""
"1","="
"1",""
"1","="
"1",""
"1","="
"1",""
"1","="
"1",""
"1","="
"1",""
"1","="
"1",""
"1","="
"1",""
"1","="
"1",""
"1","="
"1",""
"1","="
"1",""
"1","="
"1",""
"1","="
"1",""
"1","="
"1",""
"1","="
"1",""
"1","="
"1",""
"1","="
"1",""
"1","="
"1",""
"1","="
"1",""
"1","="
"1",""
"1","="
"1",""
"1","="
"1",""
"1","="
"1",""
"1","="
"1",""
"1","="
"1",""
"1","="
"1",""
"1","="
"1",""
"1","="
"1",""
"1","="
"1",""
"1","="
"1",""
"1","="
"1",""
"1","="
"1",""
"1","="
"1",""
"1","="
"1",""
"1","="
"1",""
"1","="
"1",""
"1","="
"1",""
"1","="
"1",""
"1","="
"1",""
"1","="
"1",""
"1","="
"1",""
"1","="
"1",""
"1","="
"1",""
"1","="
"1",""
"1","="
"1",""
"1","="
"1",""
"1","="
"1",""
"1","="
"1",""
"1","="
"1",""
"1","="
"1",""
"1","="
"1",""
"1","="
"1",""
"1","="
"1",""
"1","="
"1",""
"1","="
"1",""
"1","="
"1",""
"1","="
"1",""
"1","="
"1",""
"1","="
"1",""
"1","="
"1",""
"1","="
"1",""
"1","
"
"1"," R PXWEB: Content of '"
"1",""
"1","api.scb.se"
"1",""
"1","'
"
"1","          at '"
"1",""
"1","/OV0104/v1/doris/sv/ssd"
"1",""
"1","'
"
"1","="
"1",""
"1","="
"1",""
"1","="
"1",""
"1","="
"1",""
"1","="
"1",""
"1","="
"1",""
"1","="
"1",""
"1","="
"1",""
"1","="
"1",""
"1","="
"1",""
"1","="
"1",""
"1","="
"1",""
"1","="
"1",""
"1","="
"1",""
"1","="
"1",""
"1","="
"1",""
"1","="
"1",""
"1","="
"1",""
"1","="
"1",""
"1","="
"1",""
"1","="
"1",""
"1","="
"1",""
"1","="
"1",""
"1","="
"1",""
"1","="
"1",""
"1","="
"1",""
"1","="
"1",""
"1","="
"1",""
"1","="
"1",""
"1","="
"1",""
"1","="
"1",""
"1","="
"1",""
"1","="
"1",""
"1","="
"1",""
"1","="
"1",""
"1","="
"1",""
"1","="
"1",""
"1","="
"1",""
"1","="
"1",""
"1","="
"1",""
"1","="
"1",""
"1","="
"1",""
"1","="
"1",""
"1","="
"1",""
"1","="
"1",""
"1","="
"1",""
"1","="
"1",""
"1","="
"1",""
"1","="
"1",""
"1","="
"1",""
"1","="
"1",""
"1","="
"1",""
"1","="
"1",""
"1","="
"1",""
"1","="
"1",""
"1","="
"1",""
"1","="
"1",""
"1","="
"1",""
"1","="
"1",""
"1","="
"1",""
"1","="
"1",""
"1","="
"1",""
"1","="
"1",""
"1","="
"1",""
"1","="
"1",""
"1","="
"1",""
"1","="
"1",""
"1","="
"1",""
"1","="
"1",""
"1","="
"1",""
"1","="
"1",""
"1","="
"1",""
"1","="
"1",""
"1","="
"1",""
"1","="
"1",""
"1","="
"1",""
"1","="
"1",""
"1","="
"1",""
"1","="
"1",""
"1","="
"1",""
"1","="
"1",""
"1","="
"1",""
"1","="
"1",""
"1","="
"1",""
"1","="
"1",""
"1","="
"1",""
"1","="
"1",""
"1","="
"1",""
"1","="
"1",""
"1","="
"1",""
"1","="
"1",""
"1","="
"1",""
"1","="
"1",""
"1","="
"1",""
"1","="
"1",""
"1","="
"1",""
"1","="
"1",""
"1","="
"1",""
"1","="
"1",""
"1","="
"1",""
"1","="
"1",""
"1","="
"1",""
"1","="
"1",""
"1","="
"1",""
"1","="
"1",""
"1","="
"1",""
"1","
"
"1"," [  1 ] : Ämnesövergripande statistik
"
"1"," [  2 ] : Arbetsmarknad
"
"1"," [  3 ] : Befolkning
"
"1"," [  4 ] : Boende, byggande och bebyggelse
"
"1","
"
"1"," [ 19 ] : Priser och konsumtion
"
"1"," [ 20 ] : Socialtjänst
"
"1"," [ 21 ] : Transporter och kommunikationer
"
"1"," [ 22 ] : Utbildning och forskning
"
"1","="
"1",""
"1","="
"1",""
"1","="
"1",""
"1","="
"1",""
"1","="
"1",""
"1","="
"1",""
"1","="
"1",""
"1","="
"1",""
"1","="
"1",""
"1","="
"1",""
"1","="
"1",""
"1","="
"1",""
"1","="
"1",""
"1","="
"1",""
"1","="
"1",""
"1","="
"1",""
"1","="
"1",""
"1","="
"1",""
"1","="
"1",""
"1","="
"1",""
"1","="
"1",""
"1","="
"1",""
"1","="
"1",""
"1","="
"1",""
"1","="
"1",""
"1","="
"1",""
"1","="
"1",""
"1","="
"1",""
"1","="
"1",""
"1","="
"1",""
"1","="
"1",""
"1","="
"1",""
"1","="
"1",""
"1","="
"1",""
"1","="
"1",""
"1","="
"1",""
"1","="
"1",""
"1","="
"1",""
"1","="
"1",""
"1","="
"1",""
"1","="
"1",""
"1","="
"1",""
"1","="
"1",""
"1","="
"1",""
"1","="
"1",""
"1","="
"1",""
"1","="
"1",""
"1","="
"1",""
"1","="
"1",""
"1","="
"1",""
"1","="
"1",""
"1","="
"1",""
"1","="
"1",""
"1","="
"1",""
"1","="
"1",""
"1","="
"1",""
"1","="
"1",""
"1","="
"1",""
"1","="
"1",""
"1","="
"1",""
"1","="
"1",""
"1","="
"1",""
"1","="
"1",""
"1","="
"1",""
"1","="
"1",""
"1","="
"1",""
"1","="
"1",""
"1","="
"1",""
"1","="
"1",""
"1","="
"1",""
"1","="
"1",""
"1","="
"1",""
"1","="
"1",""
"1","="
"1",""
"1","="
"1",""
"1","="
"1",""
"1","="
"1",""
"1","="
"1",""
"1","="
"1",""
"1","="
"1",""
"1","="
"1",""
"1","="
"1",""
"1","="
"1",""
"1","="
"1",""
"1","="
"1",""
"1","="
"1",""
"1","="
"1",""
"1","="
"1",""
"1","="
"1",""
"1","="
"1",""
"1","="
"1",""
"1","="
"1",""
"1","="
"1",""
"1","="
"1",""
"1","="
"1",""
"1","="
"1",""
"1","="
"1",""
"1","="
"1",""
"1","="
"1",""
"1","="
"1",""
"1","="
"1",""
"1","="
"1",""
"1","="
"1",""
"1","="
"1",""
"1","="
"1",""
"1","="
"1",""
"1","
"
"1","Enter your choice:
"
"1","('esc' = Quit, 'b' = Back, 'a' = Show all, 'i' = Show id)"
"1"," "
"1","
"
"0","3"
"1",""
"1","="
"1",""
"1","="
"1",""
"1","="
"1",""
"1","="
"1",""
"1","="
"1",""
"1","="
"1",""
"1","="
"1",""
"1","="
"1",""
"1","="
"1",""
"1","="
"1",""
"1","="
"1",""
"1","="
"1",""
"1","="
"1",""
"1","="
"1",""
"1","="
"1",""
"1","="
"1",""
"1","="
"1",""
"1","="
"1",""
"1","="
"1",""
"1","="
"1",""
"1","="
"1",""
"1","="
"1",""
"1","="
"1",""
"1","="
"1",""
"1","="
"1",""
"1","="
"1",""
"1","="
"1",""
"1","="
"1",""
"1","="
"1",""
"1","="
"1",""
"1","="
"1",""
"1","="
"1",""
"1","="
"1",""
"1","="
"1",""
"1","="
"1",""
"1","="
"1",""
"1","="
"1",""
"1","="
"1",""
"1","="
"1",""
"1","="
"1",""
"1","="
"1",""
"1","="
"1",""
"1","="
"1",""
"1","="
"1",""
"1","="
"1",""
"1","="
"1",""
"1","="
"1",""
"1","="
"1",""
"1","="
"1",""
"1","="
"1",""
"1","="
"1",""
"1","="
"1",""
"1","="
"1",""
"1","="
"1",""
"1","="
"1",""
"1","="
"1",""
"1","="
"1",""
"1","="
"1",""
"1","="
"1",""
"1","="
"1",""
"1","="
"1",""
"1","="
"1",""
"1","="
"1",""
"1","="
"1",""
"1","="
"1",""
"1","="
"1",""
"1","="
"1",""
"1","="
"1",""
"1","="
"1",""
"1","="
"1",""
"1","="
"1",""
"1","="
"1",""
"1","="
"1",""
"1","="
"1",""
"1","="
"1",""
"1","="
"1",""
"1","="
"1",""
"1","="
"1",""
"1","="
"1",""
"1","="
"1",""
"1","="
"1",""
"1","="
"1",""
"1","="
"1",""
"1","="
"1",""
"1","="
"1",""
"1","="
"1",""
"1","="
"1",""
"1","="
"1",""
"1","="
"1",""
"1","="
"1",""
"1","="
"1",""
"1","="
"1",""
"1","="
"1",""
"1","="
"1",""
"1","="
"1",""
"1","="
"1",""
"1","="
"1",""
"1","="
"1",""
"1","="
"1",""
"1","="
"1",""
"1","="
"1",""
"1","="
"1",""
"1","="
"1",""
"1","="
"1",""
"1","="
"1",""
"1","="
"1",""
"1","
"
"1"," R PXWEB: Content of '"
"1",""
"1","api.scb.se"
"1",""
"1","'
"
"1","          at '"
"1",""
"1","/OV0104/v1/doris/sv/ssd/BE"
"1",""
"1","'
"
"1","="
"1",""
"1","="
"1",""
"1","="
"1",""
"1","="
"1",""
"1","="
"1",""
"1","="
"1",""
"1","="
"1",""
"1","="
"1",""
"1","="
"1",""
"1","="
"1",""
"1","="
"1",""
"1","="
"1",""
"1","="
"1",""
"1","="
"1",""
"1","="
"1",""
"1","="
"1",""
"1","="
"1",""
"1","="
"1",""
"1","="
"1",""
"1","="
"1",""
"1","="
"1",""
"1","="
"1",""
"1","="
"1",""
"1","="
"1",""
"1","="
"1",""
"1","="
"1",""
"1","="
"1",""
"1","="
"1",""
"1","="
"1",""
"1","="
"1",""
"1","="
"1",""
"1","="
"1",""
"1","="
"1",""
"1","="
"1",""
"1","="
"1",""
"1","="
"1",""
"1","="
"1",""
"1","="
"1",""
"1","="
"1",""
"1","="
"1",""
"1","="
"1",""
"1","="
"1",""
"1","="
"1",""
"1","="
"1",""
"1","="
"1",""
"1","="
"1",""
"1","="
"1",""
"1","="
"1",""
"1","="
"1",""
"1","="
"1",""
"1","="
"1",""
"1","="
"1",""
"1","="
"1",""
"1","="
"1",""
"1","="
"1",""
"1","="
"1",""
"1","="
"1",""
"1","="
"1",""
"1","="
"1",""
"1","="
"1",""
"1","="
"1",""
"1","="
"1",""
"1","="
"1",""
"1","="
"1",""
"1","="
"1",""
"1","="
"1",""
"1","="
"1",""
"1","="
"1",""
"1","="
"1",""
"1","="
"1",""
"1","="
"1",""
"1","="
"1",""
"1","="
"1",""
"1","="
"1",""
"1","="
"1",""
"1","="
"1",""
"1","="
"1",""
"1","="
"1",""
"1","="
"1",""
"1","="
"1",""
"1","="
"1",""
"1","="
"1",""
"1","="
"1",""
"1","="
"1",""
"1","="
"1",""
"1","="
"1",""
"1","="
"1",""
"1","="
"1",""
"1","="
"1",""
"1","="
"1",""
"1","="
"1",""
"1","="
"1",""
"1","="
"1",""
"1","="
"1",""
"1","="
"1",""
"1","="
"1",""
"1","="
"1",""
"1","="
"1",""
"1","="
"1",""
"1","="
"1",""
"1","="
"1",""
"1","="
"1",""
"1","="
"1",""
"1","="
"1",""
"1","="
"1",""
"1","="
"1",""
"1","
"
"1"," [ 1 ] : Namnstatistik
"
"1"," [ 2 ] : Befolkningsstatistik
"
"1"," [ 3 ] : Tidigare folk- och bostadsräkningar 1960-1990 (FoB)
"
"1"," [ 4 ] : Befolkningsframskrivningar
"
"1"," [ 5 ] : Demografisk analys (Demografi)
"
"1","="
"1",""
"1","="
"1",""
"1","="
"1",""
"1","="
"1",""
"1","="
"1",""
"1","="
"1",""
"1","="
"1",""
"1","="
"1",""
"1","="
"1",""
"1","="
"1",""
"1","="
"1",""
"1","="
"1",""
"1","="
"1",""
"1","="
"1",""
"1","="
"1",""
"1","="
"1",""
"1","="
"1",""
"1","="
"1",""
"1","="
"1",""
"1","="
"1",""
"1","="
"1",""
"1","="
"1",""
"1","="
"1",""
"1","="
"1",""
"1","="
"1",""
"1","="
"1",""
"1","="
"1",""
"1","="
"1",""
"1","="
"1",""
"1","="
"1",""
"1","="
"1",""
"1","="
"1",""
"1","="
"1",""
"1","="
"1",""
"1","="
"1",""
"1","="
"1",""
"1","="
"1",""
"1","="
"1",""
"1","="
"1",""
"1","="
"1",""
"1","="
"1",""
"1","="
"1",""
"1","="
"1",""
"1","="
"1",""
"1","="
"1",""
"1","="
"1",""
"1","="
"1",""
"1","="
"1",""
"1","="
"1",""
"1","="
"1",""
"1","="
"1",""
"1","="
"1",""
"1","="
"1",""
"1","="
"1",""
"1","="
"1",""
"1","="
"1",""
"1","="
"1",""
"1","="
"1",""
"1","="
"1",""
"1","="
"1",""
"1","="
"1",""
"1","="
"1",""
"1","="
"1",""
"1","="
"1",""
"1","="
"1",""
"1","="
"1",""
"1","="
"1",""
"1","="
"1",""
"1","="
"1",""
"1","="
"1",""
"1","="
"1",""
"1","="
"1",""
"1","="
"1",""
"1","="
"1",""
"1","="
"1",""
"1","="
"1",""
"1","="
"1",""
"1","="
"1",""
"1","="
"1",""
"1","="
"1",""
"1","="
"1",""
"1","="
"1",""
"1","="
"1",""
"1","="
"1",""
"1","="
"1",""
"1","="
"1",""
"1","="
"1",""
"1","="
"1",""
"1","="
"1",""
"1","="
"1",""
"1","="
"1",""
"1","="
"1",""
"1","="
"1",""
"1","="
"1",""
"1","="
"1",""
"1","="
"1",""
"1","="
"1",""
"1","="
"1",""
"1","="
"1",""
"1","="
"1",""
"1","="
"1",""
"1","="
"1",""
"1","="
"1",""
"1","="
"1",""
"1","="
"1",""
"1","="
"1",""
"1","
"
"1","Enter your choice:
"
"1","('esc' = Quit, 'b' = Back, 'i' = Show id)"
"1"," "
"1","
"
"0","2"
"1",""
"1","="
"1",""
"1","="
"1",""
"1","="
"1",""
"1","="
"1",""
"1","="
"1",""
"1","="
"1",""
"1","="
"1",""
"1","="
"1",""
"1","="
"1",""
"1","="
"1",""
"1","="
"1",""
"1","="
"1",""
"1","="
"1",""
"1","="
"1",""
"1","="
"1",""
"1","="
"1",""
"1","="
"1",""
"1","="
"1",""
"1","="
"1",""
"1","="
"1",""
"1","="
"1",""
"1","="
"1",""
"1","="
"1",""
"1","="
"1",""
"1","="
"1",""
"1","="
"1",""
"1","="
"1",""
"1","="
"1",""
"1","="
"1",""
"1","="
"1",""
"1","="
"1",""
"1","="
"1",""
"1","="
"1",""
"1","="
"1",""
"1","="
"1",""
"1","="
"1",""
"1","="
"1",""
"1","="
"1",""
"1","="
"1",""
"1","="
"1",""
"1","="
"1",""
"1","="
"1",""
"1","="
"1",""
"1","="
"1",""
"1","="
"1",""
"1","="
"1",""
"1","="
"1",""
"1","="
"1",""
"1","="
"1",""
"1","="
"1",""
"1","="
"1",""
"1","="
"1",""
"1","="
"1",""
"1","="
"1",""
"1","="
"1",""
"1","="
"1",""
"1","="
"1",""
"1","="
"1",""
"1","="
"1",""
"1","="
"1",""
"1","="
"1",""
"1","="
"1",""
"1","="
"1",""
"1","="
"1",""
"1","="
"1",""
"1","="
"1",""
"1","="
"1",""
"1","="
"1",""
"1","="
"1",""
"1","="
"1",""
"1","="
"1",""
"1","="
"1",""
"1","="
"1",""
"1","="
"1",""
"1","="
"1",""
"1","="
"1",""
"1","="
"1",""
"1","="
"1",""
"1","="
"1",""
"1","="
"1",""
"1","="
"1",""
"1","="
"1",""
"1","="
"1",""
"1","="
"1",""
"1","="
"1",""
"1","="
"1",""
"1","="
"1",""
"1","="
"1",""
"1","="
"1",""
"1","="
"1",""
"1","="
"1",""
"1","="
"1",""
"1","="
"1",""
"1","="
"1",""
"1","="
"1",""
"1","="
"1",""
"1","="
"1",""
"1","="
"1",""
"1","="
"1",""
"1","="
"1",""
"1","="
"1",""
"1","="
"1",""
"1","="
"1",""
"1","="
"1",""
"1","="
"1",""
"1","="
"1",""
"1","
"
"1"," R PXWEB: Content of '"
"1",""
"1","api.scb.se"
"1",""
"1","'
"
"1","          at '"
"1",""
"1","/OV0104/v1/doris/sv/ssd/BE/BE0101"
"1",""
"1","'
"
"1","="
"1",""
"1","="
"1",""
"1","="
"1",""
"1","="
"1",""
"1","="
"1",""
"1","="
"1",""
"1","="
"1",""
"1","="
"1",""
"1","="
"1",""
"1","="
"1",""
"1","="
"1",""
"1","="
"1",""
"1","="
"1",""
"1","="
"1",""
"1","="
"1",""
"1","="
"1",""
"1","="
"1",""
"1","="
"1",""
"1","="
"1",""
"1","="
"1",""
"1","="
"1",""
"1","="
"1",""
"1","="
"1",""
"1","="
"1",""
"1","="
"1",""
"1","="
"1",""
"1","="
"1",""
"1","="
"1",""
"1","="
"1",""
"1","="
"1",""
"1","="
"1",""
"1","="
"1",""
"1","="
"1",""
"1","="
"1",""
"1","="
"1",""
"1","="
"1",""
"1","="
"1",""
"1","="
"1",""
"1","="
"1",""
"1","="
"1",""
"1","="
"1",""
"1","="
"1",""
"1","="
"1",""
"1","="
"1",""
"1","="
"1",""
"1","="
"1",""
"1","="
"1",""
"1","="
"1",""
"1","="
"1",""
"1","="
"1",""
"1","="
"1",""
"1","="
"1",""
"1","="
"1",""
"1","="
"1",""
"1","="
"1",""
"1","="
"1",""
"1","="
"1",""
"1","="
"1",""
"1","="
"1",""
"1","="
"1",""
"1","="
"1",""
"1","="
"1",""
"1","="
"1",""
"1","="
"1",""
"1","="
"1",""
"1","="
"1",""
"1","="
"1",""
"1","="
"1",""
"1","="
"1",""
"1","="
"1",""
"1","="
"1",""
"1","="
"1",""
"1","="
"1",""
"1","="
"1",""
"1","="
"1",""
"1","="
"1",""
"1","="
"1",""
"1","="
"1",""
"1","="
"1",""
"1","="
"1",""
"1","="
"1",""
"1","="
"1",""
"1","="
"1",""
"1","="
"1",""
"1","="
"1",""
"1","="
"1",""
"1","="
"1",""
"1","="
"1",""
"1","="
"1",""
"1","="
"1",""
"1","="
"1",""
"1","="
"1",""
"1","="
"1",""
"1","="
"1",""
"1","="
"1",""
"1","="
"1",""
"1","="
"1",""
"1","="
"1",""
"1","="
"1",""
"1","="
"1",""
"1","="
"1",""
"1","="
"1",""
"1","="
"1",""
"1","="
"1",""
"1","="
"1",""
"1","="
"1",""
"1","
"
"1"," [  1 ] : Folkmängd
"
"1"," [  2 ] : Befolkningsförändringar
"
"1"," [  3 ] : Födda
"
"1"," [  4 ] : Döda
"
"1","
"
"1"," [ 17 ] : Hushåll
"
"1"," [ 18 ] : Nyckeltal
"
"1"," [ 19 ] : Regional statistik på lägre nivå än kommun (DeSO/RegSO)
"
"1"," [ 20 ] : Cirkulär migration – Äldre tabeller som inte längre uppdateras
"
"1","="
"1",""
"1","="
"1",""
"1","="
"1",""
"1","="
"1",""
"1","="
"1",""
"1","="
"1",""
"1","="
"1",""
"1","="
"1",""
"1","="
"1",""
"1","="
"1",""
"1","="
"1",""
"1","="
"1",""
"1","="
"1",""
"1","="
"1",""
"1","="
"1",""
"1","="
"1",""
"1","="
"1",""
"1","="
"1",""
"1","="
"1",""
"1","="
"1",""
"1","="
"1",""
"1","="
"1",""
"1","="
"1",""
"1","="
"1",""
"1","="
"1",""
"1","="
"1",""
"1","="
"1",""
"1","="
"1",""
"1","="
"1",""
"1","="
"1",""
"1","="
"1",""
"1","="
"1",""
"1","="
"1",""
"1","="
"1",""
"1","="
"1",""
"1","="
"1",""
"1","="
"1",""
"1","="
"1",""
"1","="
"1",""
"1","="
"1",""
"1","="
"1",""
"1","="
"1",""
"1","="
"1",""
"1","="
"1",""
"1","="
"1",""
"1","="
"1",""
"1","="
"1",""
"1","="
"1",""
"1","="
"1",""
"1","="
"1",""
"1","="
"1",""
"1","="
"1",""
"1","="
"1",""
"1","="
"1",""
"1","="
"1",""
"1","="
"1",""
"1","="
"1",""
"1","="
"1",""
"1","="
"1",""
"1","="
"1",""
"1","="
"1",""
"1","="
"1",""
"1","="
"1",""
"1","="
"1",""
"1","="
"1",""
"1","="
"1",""
"1","="
"1",""
"1","="
"1",""
"1","="
"1",""
"1","="
"1",""
"1","="
"1",""
"1","="
"1",""
"1","="
"1",""
"1","="
"1",""
"1","="
"1",""
"1","="
"1",""
"1","="
"1",""
"1","="
"1",""
"1","="
"1",""
"1","="
"1",""
"1","="
"1",""
"1","="
"1",""
"1","="
"1",""
"1","="
"1",""
"1","="
"1",""
"1","="
"1",""
"1","="
"1",""
"1","="
"1",""
"1","="
"1",""
"1","="
"1",""
"1","="
"1",""
"1","="
"1",""
"1","="
"1",""
"1","="
"1",""
"1","="
"1",""
"1","="
"1",""
"1","="
"1",""
"1","="
"1",""
"1","="
"1",""
"1","="
"1",""
"1","="
"1",""
"1","="
"1",""
"1","="
"1",""
"1","="
"1",""
"1","="
"1",""
"1","="
"1",""
"1","
"
"1","Enter your choice:
"
"1","('esc' = Quit, 'b' = Back, 'a' = Show all, 'i' = Show id)"
"1"," "
"1","
"
"0","19"
"1",""
"1","="
"1",""
"1","="
"1",""
"1","="
"1",""
"1","="
"1",""
"1","="
"1",""
"1","="
"1",""
"1","="
"1",""
"1","="
"1",""
"1","="
"1",""
"1","="
"1",""
"1","="
"1",""
"1","="
"1",""
"1","="
"1",""
"1","="
"1",""
"1","="
"1",""
"1","="
"1",""
"1","="
"1",""
"1","="
"1",""
"1","="
"1",""
"1","="
"1",""
"1","="
"1",""
"1","="
"1",""
"1","="
"1",""
"1","="
"1",""
"1","="
"1",""
"1","="
"1",""
"1","="
"1",""
"1","="
"1",""
"1","="
"1",""
"1","="
"1",""
"1","="
"1",""
"1","="
"1",""
"1","="
"1",""
"1","="
"1",""
"1","="
"1",""
"1","="
"1",""
"1","="
"1",""
"1","="
"1",""
"1","="
"1",""
"1","="
"1",""
"1","="
"1",""
"1","="
"1",""
"1","="
"1",""
"1","="
"1",""
"1","="
"1",""
"1","="
"1",""
"1","="
"1",""
"1","="
"1",""
"1","="
"1",""
"1","="
"1",""
"1","="
"1",""
"1","="
"1",""
"1","="
"1",""
"1","="
"1",""
"1","="
"1",""
"1","="
"1",""
"1","="
"1",""
"1","="
"1",""
"1","="
"1",""
"1","="
"1",""
"1","="
"1",""
"1","="
"1",""
"1","="
"1",""
"1","="
"1",""
"1","="
"1",""
"1","="
"1",""
"1","="
"1",""
"1","="
"1",""
"1","="
"1",""
"1","="
"1",""
"1","="
"1",""
"1","="
"1",""
"1","="
"1",""
"1","="
"1",""
"1","="
"1",""
"1","="
"1",""
"1","="
"1",""
"1","="
"1",""
"1","="
"1",""
"1","="
"1",""
"1","="
"1",""
"1","="
"1",""
"1","="
"1",""
"1","="
"1",""
"1","="
"1",""
"1","="
"1",""
"1","="
"1",""
"1","="
"1",""
"1","="
"1",""
"1","="
"1",""
"1","="
"1",""
"1","="
"1",""
"1","="
"1",""
"1","="
"1",""
"1","="
"1",""
"1","="
"1",""
"1","="
"1",""
"1","="
"1",""
"1","="
"1",""
"1","="
"1",""
"1","="
"1",""
"1","="
"1",""
"1","="
"1",""
"1","="
"1",""
"1","="
"1",""
"1","="
"1",""
"1","
"
"1"," R PXWEB: Content of '"
"1",""
"1","api.scb.se"
"1",""
"1","'
"
"1","          at '"
"1",""
"1","/OV0104/v1/doris/sv/ssd/BE/BE0101/BE0101Y"
"1",""
"1","'
"
"1","="
"1",""
"1","="
"1",""
"1","="
"1",""
"1","="
"1",""
"1","="
"1",""
"1","="
"1",""
"1","="
"1",""
"1","="
"1",""
"1","="
"1",""
"1","="
"1",""
"1","="
"1",""
"1","="
"1",""
"1","="
"1",""
"1","="
"1",""
"1","="
"1",""
"1","="
"1",""
"1","="
"1",""
"1","="
"1",""
"1","="
"1",""
"1","="
"1",""
"1","="
"1",""
"1","="
"1",""
"1","="
"1",""
"1","="
"1",""
"1","="
"1",""
"1","="
"1",""
"1","="
"1",""
"1","="
"1",""
"1","="
"1",""
"1","="
"1",""
"1","="
"1",""
"1","="
"1",""
"1","="
"1",""
"1","="
"1",""
"1","="
"1",""
"1","="
"1",""
"1","="
"1",""
"1","="
"1",""
"1","="
"1",""
"1","="
"1",""
"1","="
"1",""
"1","="
"1",""
"1","="
"1",""
"1","="
"1",""
"1","="
"1",""
"1","="
"1",""
"1","="
"1",""
"1","="
"1",""
"1","="
"1",""
"1","="
"1",""
"1","="
"1",""
"1","="
"1",""
"1","="
"1",""
"1","="
"1",""
"1","="
"1",""
"1","="
"1",""
"1","="
"1",""
"1","="
"1",""
"1","="
"1",""
"1","="
"1",""
"1","="
"1",""
"1","="
"1",""
"1","="
"1",""
"1","="
"1",""
"1","="
"1",""
"1","="
"1",""
"1","="
"1",""
"1","="
"1",""
"1","="
"1",""
"1","="
"1",""
"1","="
"1",""
"1","="
"1",""
"1","="
"1",""
"1","="
"1",""
"1","="
"1",""
"1","="
"1",""
"1","="
"1",""
"1","="
"1",""
"1","="
"1",""
"1","="
"1",""
"1","="
"1",""
"1","="
"1",""
"1","="
"1",""
"1","="
"1",""
"1","="
"1",""
"1","="
"1",""
"1","="
"1",""
"1","="
"1",""
"1","="
"1",""
"1","="
"1",""
"1","="
"1",""
"1","="
"1",""
"1","="
"1",""
"1","="
"1",""
"1","="
"1",""
"1","="
"1",""
"1","="
"1",""
"1","="
"1",""
"1","="
"1",""
"1","="
"1",""
"1","="
"1",""
"1","="
"1",""
"1","="
"1",""
"1","="
"1",""
"1","="
"1",""
"1","="
"1",""
"1","
"
"1"," [ 1 ] : Folkmängden per region efter ålder och kön. År 2010 - 2024
"
"1"," [ 2 ] : Folkmängden per region efter civilstånd och kön. År 2010 - 2024
"
"1"," [ 3 ] : Folkmängden per region efter födelseregion och kön. År 2010 - 2024
"
"1"," [ 4 ] : Folkmängden per region efter medborgarskap och kön. År 2010 - 2024
"
"1"," [ 5 ] : Folkmängden per region efter utländsk/svensk bakgrund och kön. År 2010 - 2024
"
"1"," [ 6 ] : Antal hushåll per region efter hushållstyp. År 2011 - 2024
"
"1","="
"1",""
"1","="
"1",""
"1","="
"1",""
"1","="
"1",""
"1","="
"1",""
"1","="
"1",""
"1","="
"1",""
"1","="
"1",""
"1","="
"1",""
"1","="
"1",""
"1","="
"1",""
"1","="
"1",""
"1","="
"1",""
"1","="
"1",""
"1","="
"1",""
"1","="
"1",""
"1","="
"1",""
"1","="
"1",""
"1","="
"1",""
"1","="
"1",""
"1","="
"1",""
"1","="
"1",""
"1","="
"1",""
"1","="
"1",""
"1","="
"1",""
"1","="
"1",""
"1","="
"1",""
"1","="
"1",""
"1","="
"1",""
"1","="
"1",""
"1","="
"1",""
"1","="
"1",""
"1","="
"1",""
"1","="
"1",""
"1","="
"1",""
"1","="
"1",""
"1","="
"1",""
"1","="
"1",""
"1","="
"1",""
"1","="
"1",""
"1","="
"1",""
"1","="
"1",""
"1","="
"1",""
"1","="
"1",""
"1","="
"1",""
"1","="
"1",""
"1","="
"1",""
"1","="
"1",""
"1","="
"1",""
"1","="
"1",""
"1","="
"1",""
"1","="
"1",""
"1","="
"1",""
"1","="
"1",""
"1","="
"1",""
"1","="
"1",""
"1","="
"1",""
"1","="
"1",""
"1","="
"1",""
"1","="
"1",""
"1","="
"1",""
"1","="
"1",""
"1","="
"1",""
"1","="
"1",""
"1","="
"1",""
"1","="
"1",""
"1","="
"1",""
"1","="
"1",""
"1","="
"1",""
"1","="
"1",""
"1","="
"1",""
"1","="
"1",""
"1","="
"1",""
"1","="
"1",""
"1","="
"1",""
"1","="
"1",""
"1","="
"1",""
"1","="
"1",""
"1","="
"1",""
"1","="
"1",""
"1","="
"1",""
"1","="
"1",""
"1","="
"1",""
"1","="
"1",""
"1","="
"1",""
"1","="
"1",""
"1","="
"1",""
"1","="
"1",""
"1","="
"1",""
"1","="
"1",""
"1","="
"1",""
"1","="
"1",""
"1","="
"1",""
"1","="
"1",""
"1","="
"1",""
"1","="
"1",""
"1","="
"1",""
"1","="
"1",""
"1","="
"1",""
"1","="
"1",""
"1","="
"1",""
"1","="
"1",""
"1","="
"1",""
"1","="
"1",""
"1","="
"1",""
"1","="
"1",""
"1","
"
"1","Enter your choice:
"
"1","('esc' = Quit, 'b' = Back, 'i' = Show id)"
"1"," "
"1","
"
"0","1"
"1",""
"1","="
"1",""
"1","="
"1",""
"1","="
"1",""
"1","="
"1",""
"1","="
"1",""
"1","="
"1",""
"1","="
"1",""
"1","="
"1",""
"1","="
"1",""
"1","="
"1",""
"1","="
"1",""
"1","="
"1",""
"1","="
"1",""
"1","="
"1",""
"1","="
"1",""
"1","="
"1",""
"1","="
"1",""
"1","="
"1",""
"1","="
"1",""
"1","="
"1",""
"1","="
"1",""
"1","="
"1",""
"1","="
"1",""
"1","="
"1",""
"1","="
"1",""
"1","="
"1",""
"1","="
"1",""
"1","="
"1",""
"1","="
"1",""
"1","="
"1",""
"1","="
"1",""
"1","="
"1",""
"1","="
"1",""
"1","="
"1",""
"1","="
"1",""
"1","="
"1",""
"1","="
"1",""
"1","="
"1",""
"1","="
"1",""
"1","="
"1",""
"1","="
"1",""
"1","="
"1",""
"1","="
"1",""
"1","="
"1",""
"1","="
"1",""
"1","="
"1",""
"1","="
"1",""
"1","="
"1",""
"1","="
"1",""
"1","="
"1",""
"1","="
"1",""
"1","="
"1",""
"1","="
"1",""
"1","="
"1",""
"1","="
"1",""
"1","="
"1",""
"1","="
"1",""
"1","="
"1",""
"1","="
"1",""
"1","="
"1",""
"1","="
"1",""
"1","="
"1",""
"1","="
"1",""
"1","="
"1",""
"1","="
"1",""
"1","="
"1",""
"1","="
"1",""
"1","="
"1",""
"1","="
"1",""
"1","="
"1",""
"1","="
"1",""
"1","="
"1",""
"1","="
"1",""
"1","="
"1",""
"1","="
"1",""
"1","="
"1",""
"1","="
"1",""
"1","="
"1",""
"1","="
"1",""
"1","="
"1",""
"1","="
"1",""
"1","="
"1",""
"1","="
"1",""
"1","="
"1",""
"1","="
"1",""
"1","="
"1",""
"1","="
"1",""
"1","="
"1",""
"1","="
"1",""
"1","="
"1",""
"1","="
"1",""
"1","="
"1",""
"1","="
"1",""
"1","="
"1",""
"1","="
"1",""
"1","="
"1",""
"1","="
"1",""
"1","="
"1",""
"1","="
"1",""
"1","="
"1",""
"1","="
"1",""
"1","="
"1",""
"1","="
"1",""
"1","="
"1",""
"1","="
"1",""
"1","="
"1",""
"1","
"
"1"," R PXWEB: Content of '"
"1",""
"1","api.scb.se"
"1",""
"1","'
"
"1","          at '"
"1",""
"1","/OV0104/v1/doris/sv/ssd/BE/BE0101/BE0101Y/FolkmDesoAldKon"
"1",""
"1","'
"
"1","   TABLE: "
"1",""
"1","Folkmängden per region efter region, ålder, kön, tabellinnehåll och år"
"1",""
"1","
"
"1","VARIABLE: "
"1",""
"1","[[Region]], Alder, Kon, ContentsCode, Tid"
"1",""
"1","
"
"1","="
"1",""
"1","="
"1",""
"1","="
"1",""
"1","="
"1",""
"1","="
"1",""
"1","="
"1",""
"1","="
"1",""
"1","="
"1",""
"1","="
"1",""
"1","="
"1",""
"1","="
"1",""
"1","="
"1",""
"1","="
"1",""
"1","="
"1",""
"1","="
"1",""
"1","="
"1",""
"1","="
"1",""
"1","="
"1",""
"1","="
"1",""
"1","="
"1",""
"1","="
"1",""
"1","="
"1",""
"1","="
"1",""
"1","="
"1",""
"1","="
"1",""
"1","="
"1",""
"1","="
"1",""
"1","="
"1",""
"1","="
"1",""
"1","="
"1",""
"1","="
"1",""
"1","="
"1",""
"1","="
"1",""
"1","="
"1",""
"1","="
"1",""
"1","="
"1",""
"1","="
"1",""
"1","="
"1",""
"1","="
"1",""
"1","="
"1",""
"1","="
"1",""
"1","="
"1",""
"1","="
"1",""
"1","="
"1",""
"1","="
"1",""
"1","="
"1",""
"1","="
"1",""
"1","="
"1",""
"1","="
"1",""
"1","="
"1",""
"1","="
"1",""
"1","="
"1",""
"1","="
"1",""
"1","="
"1",""
"1","="
"1",""
"1","="
"1",""
"1","="
"1",""
"1","="
"1",""
"1","="
"1",""
"1","="
"1",""
"1","="
"1",""
"1","="
"1",""
"1","="
"1",""
"1","="
"1",""
"1","="
"1",""
"1","="
"1",""
"1","="
"1",""
"1","="
"1",""
"1","="
"1",""
"1","="
"1",""
"1","="
"1",""
"1","="
"1",""
"1","="
"1",""
"1","="
"1",""
"1","="
"1",""
"1","="
"1",""
"1","="
"1",""
"1","="
"1",""
"1","="
"1",""
"1","="
"1",""
"1","="
"1",""
"1","="
"1",""
"1","="
"1",""
"1","="
"1",""
"1","="
"1",""
"1","="
"1",""
"1","="
"1",""
"1","="
"1",""
"1","="
"1",""
"1","="
"1",""
"1","="
"1",""
"1","="
"1",""
"1","="
"1",""
"1","="
"1",""
"1","="
"1",""
"1","="
"1",""
"1","="
"1",""
"1","="
"1",""
"1","="
"1",""
"1","="
"1",""
"1","="
"1",""
"1","="
"1",""
"1","="
"1",""
"1","="
"1",""
"1","="
"1",""
"1","="
"1",""
"1","
"
"1"," ["
"1",""
"1","1"
"1",""
"1"," ] : "
"1",""
"1","0114A0010"
"1",""
"1","
"
"1"," ["
"1",""
"1","2"
"1",""
"1"," ] : "
"1",""
"1","0114C1010"
"1",""
"1","
"
"1"," ["
"1",""
"1","3"
"1",""
"1"," ] : "
"1",""
"1","0114C1020"
"1",""
"1","
"
"1"," ["
"1",""
"1","4"
"1",""
"1"," ] : "
"1",""
"1","0114C1030"
"1",""
"1","
"
"1","
"
"1"," ["
"1",""
"1","19179"
"1",""
"1"," ] : "
"1",""
"1","Kiruna (Sandstensberget)"
"1",""
"1","
"
"1"," ["
"1",""
"1","19180"
"1",""
"1"," ] : "
"1",""
"1","Kiruna (Triangeln)"
"1",""
"1","
"
"1"," ["
"1",""
"1","19181"
"1",""
"1"," ] : "
"1",""
"1","Kiruna (Östermalm)"
"1",""
"1","
"
"1"," ["
"1",""
"1","19182"
"1",""
"1"," ] : "
"1",""
"1","Kiruna (Övre Norrmalm)"
"1",""
"1","
"
"1","="
"1",""
"1","="
"1",""
"1","="
"1",""
"1","="
"1",""
"1","="
"1",""
"1","="
"1",""
"1","="
"1",""
"1","="
"1",""
"1","="
"1",""
"1","="
"1",""
"1","="
"1",""
"1","="
"1",""
"1","="
"1",""
"1","="
"1",""
"1","="
"1",""
"1","="
"1",""
"1","="
"1",""
"1","="
"1",""
"1","="
"1",""
"1","="
"1",""
"1","="
"1",""
"1","="
"1",""
"1","="
"1",""
"1","="
"1",""
"1","="
"1",""
"1","="
"1",""
"1","="
"1",""
"1","="
"1",""
"1","="
"1",""
"1","="
"1",""
"1","="
"1",""
"1","="
"1",""
"1","="
"1",""
"1","="
"1",""
"1","="
"1",""
"1","="
"1",""
"1","="
"1",""
"1","="
"1",""
"1","="
"1",""
"1","="
"1",""
"1","="
"1",""
"1","="
"1",""
"1","="
"1",""
"1","="
"1",""
"1","="
"1",""
"1","="
"1",""
"1","="
"1",""
"1","="
"1",""
"1","="
"1",""
"1","="
"1",""
"1","="
"1",""
"1","="
"1",""
"1","="
"1",""
"1","="
"1",""
"1","="
"1",""
"1","="
"1",""
"1","="
"1",""
"1","="
"1",""
"1","="
"1",""
"1","="
"1",""
"1","="
"1",""
"1","="
"1",""
"1","="
"1",""
"1","="
"1",""
"1","="
"1",""
"1","="
"1",""
"1","="
"1",""
"1","="
"1",""
"1","="
"1",""
"1","="
"1",""
"1","="
"1",""
"1","="
"1",""
"1","="
"1",""
"1","="
"1",""
"1","="
"1",""
"1","="
"1",""
"1","="
"1",""
"1","="
"1",""
"1","="
"1",""
"1","="
"1",""
"1","="
"1",""
"1","="
"1",""
"1","="
"1",""
"1","="
"1",""
"1","="
"1",""
"1","="
"1",""
"1","="
"1",""
"1","="
"1",""
"1","="
"1",""
"1","="
"1",""
"1","="
"1",""
"1","="
"1",""
"1","="
"1",""
"1","="
"1",""
"1","="
"1",""
"1","="
"1",""
"1","="
"1",""
"1","="
"1",""
"1","="
"1",""
"1","="
"1",""
"1","="
"1",""
"1","="
"1",""
"1","="
"1",""
"1","="
"1",""
"1","="
"1",""
"1","="
"1",""
"1","
"
"1","Enter one or more choices:
"
"1","Separate multiple choices by ',' and intervals of choices by ':'
"
"1","('esc' = Quit, 'b' = Back, '*' = Select all, 'a' = Show all, 'i' = Show id)"
"1"," "
"1","
"
"0","1"
"1",""
"1","="
"1",""
"1","="
"1",""
"1","="
"1",""
"1","="
"1",""
"1","="
"1",""
"1","="
"1",""
"1","="
"1",""
"1","="
"1",""
"1","="
"1",""
"1","="
"1",""
"1","="
"1",""
"1","="
"1",""
"1","="
"1",""
"1","="
"1",""
"1","="
"1",""
"1","="
"1",""
"1","="
"1",""
"1","="
"1",""
"1","="
"1",""
"1","="
"1",""
"1","="
"1",""
"1","="
"1",""
"1","="
"1",""
"1","="
"1",""
"1","="
"1",""
"1","="
"1",""
"1","="
"1",""
"1","="
"1",""
"1","="
"1",""
"1","="
"1",""
"1","="
"1",""
"1","="
"1",""
"1","="
"1",""
"1","="
"1",""
"1","="
"1",""
"1","="
"1",""
"1","="
"1",""
"1","="
"1",""
"1","="
"1",""
"1","="
"1",""
"1","="
"1",""
"1","="
"1",""
"1","="
"1",""
"1","="
"1",""
"1","="
"1",""
"1","="
"1",""
"1","="
"1",""
"1","="
"1",""
"1","="
"1",""
"1","="
"1",""
"1","="
"1",""
"1","="
"1",""
"1","="
"1",""
"1","="
"1",""
"1","="
"1",""
"1","="
"1",""
"1","="
"1",""
"1","="
"1",""
"1","="
"1",""
"1","="
"1",""
"1","="
"1",""
"1","="
"1",""
"1","="
"1",""
"1","="
"1",""
"1","="
"1",""
"1","="
"1",""
"1","="
"1",""
"1","="
"1",""
"1","="
"1",""
"1","="
"1",""
"1","="
"1",""
"1","="
"1",""
"1","="
"1",""
"1","="
"1",""
"1","="
"1",""
"1","="
"1",""
"1","="
"1",""
"1","="
"1",""
"1","="
"1",""
"1","="
"1",""
"1","="
"1",""
"1","="
"1",""
"1","="
"1",""
"1","="
"1",""
"1","="
"1",""
"1","="
"1",""
"1","="
"1",""
"1","="
"1",""
"1","="
"1",""
"1","="
"1",""
"1","="
"1",""
"1","="
"1",""
"1","="
"1",""
"1","="
"1",""
"1","="
"1",""
"1","="
"1",""
"1","="
"1",""
"1","="
"1",""
"1","="
"1",""
"1","="
"1",""
"1","="
"1",""
"1","="
"1",""
"1","="
"1",""
"1","="
"1",""
"1","="
"1",""
"1","="
"1",""
"1","
"
"1"," R PXWEB: Content of '"
"1",""
"1","api.scb.se"
"1",""
"1","'
"
"1","          at '"
"1",""
"1","/OV0104/v1/doris/sv/ssd/BE/BE0101/BE0101Y/FolkmDesoAldKon"
"1",""
"1","'
"
"1","   TABLE: "
"1",""
"1","Folkmängden per region efter region, ålder, kön, tabellinnehåll och år"
"1",""
"1","
"
"1","VARIABLE: "
"1",""
"1","Region, [[Alder]], Kon, ContentsCode, Tid"
"1",""
"1","
"
"1","="
"1",""
"1","="
"1",""
"1","="
"1",""
"1","="
"1",""
"1","="
"1",""
"1","="
"1",""
"1","="
"1",""
"1","="
"1",""
"1","="
"1",""
"1","="
"1",""
"1","="
"1",""
"1","="
"1",""
"1","="
"1",""
"1","="
"1",""
"1","="
"1",""
"1","="
"1",""
"1","="
"1",""
"1","="
"1",""
"1","="
"1",""
"1","="
"1",""
"1","="
"1",""
"1","="
"1",""
"1","="
"1",""
"1","="
"1",""
"1","="
"1",""
"1","="
"1",""
"1","="
"1",""
"1","="
"1",""
"1","="
"1",""
"1","="
"1",""
"1","="
"1",""
"1","="
"1",""
"1","="
"1",""
"1","="
"1",""
"1","="
"1",""
"1","="
"1",""
"1","="
"1",""
"1","="
"1",""
"1","="
"1",""
"1","="
"1",""
"1","="
"1",""
"1","="
"1",""
"1","="
"1",""
"1","="
"1",""
"1","="
"1",""
"1","="
"1",""
"1","="
"1",""
"1","="
"1",""
"1","="
"1",""
"1","="
"1",""
"1","="
"1",""
"1","="
"1",""
"1","="
"1",""
"1","="
"1",""
"1","="
"1",""
"1","="
"1",""
"1","="
"1",""
"1","="
"1",""
"1","="
"1",""
"1","="
"1",""
"1","="
"1",""
"1","="
"1",""
"1","="
"1",""
"1","="
"1",""
"1","="
"1",""
"1","="
"1",""
"1","="
"1",""
"1","="
"1",""
"1","="
"1",""
"1","="
"1",""
"1","="
"1",""
"1","="
"1",""
"1","="
"1",""
"1","="
"1",""
"1","="
"1",""
"1","="
"1",""
"1","="
"1",""
"1","="
"1",""
"1","="
"1",""
"1","="
"1",""
"1","="
"1",""
"1","="
"1",""
"1","="
"1",""
"1","="
"1",""
"1","="
"1",""
"1","="
"1",""
"1","="
"1",""
"1","="
"1",""
"1","="
"1",""
"1","="
"1",""
"1","="
"1",""
"1","="
"1",""
"1","="
"1",""
"1","="
"1",""
"1","="
"1",""
"1","="
"1",""
"1","="
"1",""
"1","="
"1",""
"1","="
"1",""
"1","="
"1",""
"1","="
"1",""
"1","="
"1",""
"1","="
"1",""
"1","="
"1",""
"1","="
"1",""
"1","="
"1",""
"1","
"
"1"," ["
"1",""
"1","1"
"1",""
"1"," ] : "
"1",""
"1","totalt"
"1",""
"1","
"
"1"," ["
"1",""
"1","2"
"1",""
"1"," ] : "
"1",""
"1","0-4 år"
"1",""
"1","
"
"1"," ["
"1",""
"1","3"
"1",""
"1"," ] : "
"1",""
"1","5-9 år"
"1",""
"1","
"
"1"," ["
"1",""
"1","4"
"1",""
"1"," ] : "
"1",""
"1","10-14 år"
"1",""
"1","
"
"1","
"
"1"," ["
"1",""
"1","15"
"1",""
"1"," ] : "
"1",""
"1","65-69 år"
"1",""
"1","
"
"1"," ["
"1",""
"1","16"
"1",""
"1"," ] : "
"1",""
"1","70-74 år"
"1",""
"1","
"
"1"," ["
"1",""
"1","17"
"1",""
"1"," ] : "
"1",""
"1","75-79 år"
"1",""
"1","
"
"1"," ["
"1",""
"1","18"
"1",""
"1"," ] : "
"1",""
"1","80- år"
"1",""
"1","
"
"1","="
"1",""
"1","="
"1",""
"1","="
"1",""
"1","="
"1",""
"1","="
"1",""
"1","="
"1",""
"1","="
"1",""
"1","="
"1",""
"1","="
"1",""
"1","="
"1",""
"1","="
"1",""
"1","="
"1",""
"1","="
"1",""
"1","="
"1",""
"1","="
"1",""
"1","="
"1",""
"1","="
"1",""
"1","="
"1",""
"1","="
"1",""
"1","="
"1",""
"1","="
"1",""
"1","="
"1",""
"1","="
"1",""
"1","="
"1",""
"1","="
"1",""
"1","="
"1",""
"1","="
"1",""
"1","="
"1",""
"1","="
"1",""
"1","="
"1",""
"1","="
"1",""
"1","="
"1",""
"1","="
"1",""
"1","="
"1",""
"1","="
"1",""
"1","="
"1",""
"1","="
"1",""
"1","="
"1",""
"1","="
"1",""
"1","="
"1",""
"1","="
"1",""
"1","="
"1",""
"1","="
"1",""
"1","="
"1",""
"1","="
"1",""
"1","="
"1",""
"1","="
"1",""
"1","="
"1",""
"1","="
"1",""
"1","="
"1",""
"1","="
"1",""
"1","="
"1",""
"1","="
"1",""
"1","="
"1",""
"1","="
"1",""
"1","="
"1",""
"1","="
"1",""
"1","="
"1",""
"1","="
"1",""
"1","="
"1",""
"1","="
"1",""
"1","="
"1",""
"1","="
"1",""
"1","="
"1",""
"1","="
"1",""
"1","="
"1",""
"1","="
"1",""
"1","="
"1",""
"1","="
"1",""
"1","="
"1",""
"1","="
"1",""
"1","="
"1",""
"1","="
"1",""
"1","="
"1",""
"1","="
"1",""
"1","="
"1",""
"1","="
"1",""
"1","="
"1",""
"1","="
"1",""
"1","="
"1",""
"1","="
"1",""
"1","="
"1",""
"1","="
"1",""
"1","="
"1",""
"1","="
"1",""
"1","="
"1",""
"1","="
"1",""
"1","="
"1",""
"1","="
"1",""
"1","="
"1",""
"1","="
"1",""
"1","="
"1",""
"1","="
"1",""
"1","="
"1",""
"1","="
"1",""
"1","="
"1",""
"1","="
"1",""
"1","="
"1",""
"1","="
"1",""
"1","="
"1",""
"1","="
"1",""
"1","="
"1",""
"1","="
"1",""
"1","="
"1",""
"1","="
"1",""
"1","="
"1",""
"1","
"
"1","Enter one or more choices:
"
"1","Separate multiple choices by ',' and intervals of choices by ':'
"
"1","('esc' = Quit, 'b' = Back, '*' = Select all, 'a' = Show all, 'e' = Eliminate, 'i' = Show id)"
"1"," "
"1","
"
"0","1"
"1",""
"1","="
"1",""
"1","="
"1",""
"1","="
"1",""
"1","="
"1",""
"1","="
"1",""
"1","="
"1",""
"1","="
"1",""
"1","="
"1",""
"1","="
"1",""
"1","="
"1",""
"1","="
"1",""
"1","="
"1",""
"1","="
"1",""
"1","="
"1",""
"1","="
"1",""
"1","="
"1",""
"1","="
"1",""
"1","="
"1",""
"1","="
"1",""
"1","="
"1",""
"1","="
"1",""
"1","="
"1",""
"1","="
"1",""
"1","="
"1",""
"1","="
"1",""
"1","="
"1",""
"1","="
"1",""
"1","="
"1",""
"1","="
"1",""
"1","="
"1",""
"1","="
"1",""
"1","="
"1",""
"1","="
"1",""
"1","="
"1",""
"1","="
"1",""
"1","="
"1",""
"1","="
"1",""
"1","="
"1",""
"1","="
"1",""
"1","="
"1",""
"1","="
"1",""
"1","="
"1",""
"1","="
"1",""
"1","="
"1",""
"1","="
"1",""
"1","="
"1",""
"1","="
"1",""
"1","="
"1",""
"1","="
"1",""
"1","="
"1",""
"1","="
"1",""
"1","="
"1",""
"1","="
"1",""
"1","="
"1",""
"1","="
"1",""
"1","="
"1",""
"1","="
"1",""
"1","="
"1",""
"1","="
"1",""
"1","="
"1",""
"1","="
"1",""
"1","="
"1",""
"1","="
"1",""
"1","="
"1",""
"1","="
"1",""
"1","="
"1",""
"1","="
"1",""
"1","="
"1",""
"1","="
"1",""
"1","="
"1",""
"1","="
"1",""
"1","="
"1",""
"1","="
"1",""
"1","="
"1",""
"1","="
"1",""
"1","="
"1",""
"1","="
"1",""
"1","="
"1",""
"1","="
"1",""
"1","="
"1",""
"1","="
"1",""
"1","="
"1",""
"1","="
"1",""
"1","="
"1",""
"1","="
"1",""
"1","="
"1",""
"1","="
"1",""
"1","="
"1",""
"1","="
"1",""
"1","="
"1",""
"1","="
"1",""
"1","="
"1",""
"1","="
"1",""
"1","="
"1",""
"1","="
"1",""
"1","="
"1",""
"1","="
"1",""
"1","="
"1",""
"1","="
"1",""
"1","="
"1",""
"1","="
"1",""
"1","="
"1",""
"1","="
"1",""
"1","="
"1",""
"1","="
"1",""
"1","="
"1",""
"1","
"
"1"," R PXWEB: Content of '"
"1",""
"1","api.scb.se"
"1",""
"1","'
"
"1","          at '"
"1",""
"1","/OV0104/v1/doris/sv/ssd/BE/BE0101/BE0101Y/FolkmDesoAldKon"
"1",""
"1","'
"
"1","   TABLE: "
"1",""
"1","Folkmängden per region efter region, ålder, kön, tabellinnehåll och år"
"1",""
"1","
"
"1","VARIABLE: "
"1",""
"1","Region, Alder, [[Kon]], ContentsCode, Tid"
"1",""
"1","
"
"1","="
"1",""
"1","="
"1",""
"1","="
"1",""
"1","="
"1",""
"1","="
"1",""
"1","="
"1",""
"1","="
"1",""
"1","="
"1",""
"1","="
"1",""
"1","="
"1",""
"1","="
"1",""
"1","="
"1",""
"1","="
"1",""
"1","="
"1",""
"1","="
"1",""
"1","="
"1",""
"1","="
"1",""
"1","="
"1",""
"1","="
"1",""
"1","="
"1",""
"1","="
"1",""
"1","="
"1",""
"1","="
"1",""
"1","="
"1",""
"1","="
"1",""
"1","="
"1",""
"1","="
"1",""
"1","="
"1",""
"1","="
"1",""
"1","="
"1",""
"1","="
"1",""
"1","="
"1",""
"1","="
"1",""
"1","="
"1",""
"1","="
"1",""
"1","="
"1",""
"1","="
"1",""
"1","="
"1",""
"1","="
"1",""
"1","="
"1",""
"1","="
"1",""
"1","="
"1",""
"1","="
"1",""
"1","="
"1",""
"1","="
"1",""
"1","="
"1",""
"1","="
"1",""
"1","="
"1",""
"1","="
"1",""
"1","="
"1",""
"1","="
"1",""
"1","="
"1",""
"1","="
"1",""
"1","="
"1",""
"1","="
"1",""
"1","="
"1",""
"1","="
"1",""
"1","="
"1",""
"1","="
"1",""
"1","="
"1",""
"1","="
"1",""
"1","="
"1",""
"1","="
"1",""
"1","="
"1",""
"1","="
"1",""
"1","="
"1",""
"1","="
"1",""
"1","="
"1",""
"1","="
"1",""
"1","="
"1",""
"1","="
"1",""
"1","="
"1",""
"1","="
"1",""
"1","="
"1",""
"1","="
"1",""
"1","="
"1",""
"1","="
"1",""
"1","="
"1",""
"1","="
"1",""
"1","="
"1",""
"1","="
"1",""
"1","="
"1",""
"1","="
"1",""
"1","="
"1",""
"1","="
"1",""
"1","="
"1",""
"1","="
"1",""
"1","="
"1",""
"1","="
"1",""
"1","="
"1",""
"1","="
"1",""
"1","="
"1",""
"1","="
"1",""
"1","="
"1",""
"1","="
"1",""
"1","="
"1",""
"1","="
"1",""
"1","="
"1",""
"1","="
"1",""
"1","="
"1",""
"1","="
"1",""
"1","="
"1",""
"1","="
"1",""
"1","="
"1",""
"1","="
"1",""
"1","="
"1",""
"1","
"
"1"," ["
"1",""
"1","1"
"1",""
"1"," ] : "
"1",""
"1","män"
"1",""
"1","
"
"1"," ["
"1",""
"1","2"
"1",""
"1"," ] : "
"1",""
"1","kvinnor"
"1",""
"1","
"
"1"," ["
"1",""
"1","3"
"1",""
"1"," ] : "
"1",""
"1","totalt"
"1",""
"1","
"
"1","="
"1",""
"1","="
"1",""
"1","="
"1",""
"1","="
"1",""
"1","="
"1",""
"1","="
"1",""
"1","="
"1",""
"1","="
"1",""
"1","="
"1",""
"1","="
"1",""
"1","="
"1",""
"1","="
"1",""
"1","="
"1",""
"1","="
"1",""
"1","="
"1",""
"1","="
"1",""
"1","="
"1",""
"1","="
"1",""
"1","="
"1",""
"1","="
"1",""
"1","="
"1",""
"1","="
"1",""
"1","="
"1",""
"1","="
"1",""
"1","="
"1",""
"1","="
"1",""
"1","="
"1",""
"1","="
"1",""
"1","="
"1",""
"1","="
"1",""
"1","="
"1",""
"1","="
"1",""
"1","="
"1",""
"1","="
"1",""
"1","="
"1",""
"1","="
"1",""
"1","="
"1",""
"1","="
"1",""
"1","="
"1",""
"1","="
"1",""
"1","="
"1",""
"1","="
"1",""
"1","="
"1",""
"1","="
"1",""
"1","="
"1",""
"1","="
"1",""
"1","="
"1",""
"1","="
"1",""
"1","="
"1",""
"1","="
"1",""
"1","="
"1",""
"1","="
"1",""
"1","="
"1",""
"1","="
"1",""
"1","="
"1",""
"1","="
"1",""
"1","="
"1",""
"1","="
"1",""
"1","="
"1",""
"1","="
"1",""
"1","="
"1",""
"1","="
"1",""
"1","="
"1",""
"1","="
"1",""
"1","="
"1",""
"1","="
"1",""
"1","="
"1",""
"1","="
"1",""
"1","="
"1",""
"1","="
"1",""
"1","="
"1",""
"1","="
"1",""
"1","="
"1",""
"1","="
"1",""
"1","="
"1",""
"1","="
"1",""
"1","="
"1",""
"1","="
"1",""
"1","="
"1",""
"1","="
"1",""
"1","="
"1",""
"1","="
"1",""
"1","="
"1",""
"1","="
"1",""
"1","="
"1",""
"1","="
"1",""
"1","="
"1",""
"1","="
"1",""
"1","="
"1",""
"1","="
"1",""
"1","="
"1",""
"1","="
"1",""
"1","="
"1",""
"1","="
"1",""
"1","="
"1",""
"1","="
"1",""
"1","="
"1",""
"1","="
"1",""
"1","="
"1",""
"1","="
"1",""
"1","="
"1",""
"1","="
"1",""
"1","="
"1",""
"1","="
"1",""
"1","="
"1",""
"1","="
"1",""
"1","
"
"1","Enter one or more choices:
"
"1","Separate multiple choices by ',' and intervals of choices by ':'
"
"1","('esc' = Quit, 'b' = Back, '*' = Select all, 'e' = Eliminate, 'i' = Show id)"
"1"," "
"1","
"
"0","3"
"1",""
"1","="
"1",""
"1","="
"1",""
"1","="
"1",""
"1","="
"1",""
"1","="
"1",""
"1","="
"1",""
"1","="
"1",""
"1","="
"1",""
"1","="
"1",""
"1","="
"1",""
"1","="
"1",""
"1","="
"1",""
"1","="
"1",""
"1","="
"1",""
"1","="
"1",""
"1","="
"1",""
"1","="
"1",""
"1","="
"1",""
"1","="
"1",""
"1","="
"1",""
"1","="
"1",""
"1","="
"1",""
"1","="
"1",""
"1","="
"1",""
"1","="
"1",""
"1","="
"1",""
"1","="
"1",""
"1","="
"1",""
"1","="
"1",""
"1","="
"1",""
"1","="
"1",""
"1","="
"1",""
"1","="
"1",""
"1","="
"1",""
"1","="
"1",""
"1","="
"1",""
"1","="
"1",""
"1","="
"1",""
"1","="
"1",""
"1","="
"1",""
"1","="
"1",""
"1","="
"1",""
"1","="
"1",""
"1","="
"1",""
"1","="
"1",""
"1","="
"1",""
"1","="
"1",""
"1","="
"1",""
"1","="
"1",""
"1","="
"1",""
"1","="
"1",""
"1","="
"1",""
"1","="
"1",""
"1","="
"1",""
"1","="
"1",""
"1","="
"1",""
"1","="
"1",""
"1","="
"1",""
"1","="
"1",""
"1","="
"1",""
"1","="
"1",""
"1","="
"1",""
"1","="
"1",""
"1","="
"1",""
"1","="
"1",""
"1","="
"1",""
"1","="
"1",""
"1","="
"1",""
"1","="
"1",""
"1","="
"1",""
"1","="
"1",""
"1","="
"1",""
"1","="
"1",""
"1","="
"1",""
"1","="
"1",""
"1","="
"1",""
"1","="
"1",""
"1","="
"1",""
"1","="
"1",""
"1","="
"1",""
"1","="
"1",""
"1","="
"1",""
"1","="
"1",""
"1","="
"1",""
"1","="
"1",""
"1","="
"1",""
"1","="
"1",""
"1","="
"1",""
"1","="
"1",""
"1","="
"1",""
"1","="
"1",""
"1","="
"1",""
"1","="
"1",""
"1","="
"1",""
"1","="
"1",""
"1","="
"1",""
"1","="
"1",""
"1","="
"1",""
"1","="
"1",""
"1","="
"1",""
"1","="
"1",""
"1","="
"1",""
"1","="
"1",""
"1","="
"1",""
"1","="
"1",""
"1","="
"1",""
"1","
"
"1"," R PXWEB: Content of '"
"1",""
"1","api.scb.se"
"1",""
"1","'
"
"1","          at '"
"1",""
"1","/OV0104/v1/doris/sv/ssd/BE/BE0101/BE0101Y/FolkmDesoAldKon"
"1",""
"1","'
"
"1","   TABLE: "
"1",""
"1","Folkmängden per region efter region, ålder, kön, tabellinnehåll och år"
"1",""
"1","
"
"1","VARIABLE: "
"1",""
"1","Region, Alder, Kon, [[ContentsCode]], Tid"
"1",""
"1","
"
"1","="
"1",""
"1","="
"1",""
"1","="
"1",""
"1","="
"1",""
"1","="
"1",""
"1","="
"1",""
"1","="
"1",""
"1","="
"1",""
"1","="
"1",""
"1","="
"1",""
"1","="
"1",""
"1","="
"1",""
"1","="
"1",""
"1","="
"1",""
"1","="
"1",""
"1","="
"1",""
"1","="
"1",""
"1","="
"1",""
"1","="
"1",""
"1","="
"1",""
"1","="
"1",""
"1","="
"1",""
"1","="
"1",""
"1","="
"1",""
"1","="
"1",""
"1","="
"1",""
"1","="
"1",""
"1","="
"1",""
"1","="
"1",""
"1","="
"1",""
"1","="
"1",""
"1","="
"1",""
"1","="
"1",""
"1","="
"1",""
"1","="
"1",""
"1","="
"1",""
"1","="
"1",""
"1","="
"1",""
"1","="
"1",""
"1","="
"1",""
"1","="
"1",""
"1","="
"1",""
"1","="
"1",""
"1","="
"1",""
"1","="
"1",""
"1","="
"1",""
"1","="
"1",""
"1","="
"1",""
"1","="
"1",""
"1","="
"1",""
"1","="
"1",""
"1","="
"1",""
"1","="
"1",""
"1","="
"1",""
"1","="
"1",""
"1","="
"1",""
"1","="
"1",""
"1","="
"1",""
"1","="
"1",""
"1","="
"1",""
"1","="
"1",""
"1","="
"1",""
"1","="
"1",""
"1","="
"1",""
"1","="
"1",""
"1","="
"1",""
"1","="
"1",""
"1","="
"1",""
"1","="
"1",""
"1","="
"1",""
"1","="
"1",""
"1","="
"1",""
"1","="
"1",""
"1","="
"1",""
"1","="
"1",""
"1","="
"1",""
"1","="
"1",""
"1","="
"1",""
"1","="
"1",""
"1","="
"1",""
"1","="
"1",""
"1","="
"1",""
"1","="
"1",""
"1","="
"1",""
"1","="
"1",""
"1","="
"1",""
"1","="
"1",""
"1","="
"1",""
"1","="
"1",""
"1","="
"1",""
"1","="
"1",""
"1","="
"1",""
"1","="
"1",""
"1","="
"1",""
"1","="
"1",""
"1","="
"1",""
"1","="
"1",""
"1","="
"1",""
"1","="
"1",""
"1","="
"1",""
"1","="
"1",""
"1","="
"1",""
"1","="
"1",""
"1","="
"1",""
"1","="
"1",""
"1","="
"1",""
"1","
"
"1"," ["
"1",""
"1","1"
"1",""
"1"," ] : "
"1",""
"1","Antal"
"1",""
"1","
"
"1","="
"1",""
"1","="
"1",""
"1","="
"1",""
"1","="
"1",""
"1","="
"1",""
"1","="
"1",""
"1","="
"1",""
"1","="
"1",""
"1","="
"1",""
"1","="
"1",""
"1","="
"1",""
"1","="
"1",""
"1","="
"1",""
"1","="
"1",""
"1","="
"1",""
"1","="
"1",""
"1","="
"1",""
"1","="
"1",""
"1","="
"1",""
"1","="
"1",""
"1","="
"1",""
"1","="
"1",""
"1","="
"1",""
"1","="
"1",""
"1","="
"1",""
"1","="
"1",""
"1","="
"1",""
"1","="
"1",""
"1","="
"1",""
"1","="
"1",""
"1","="
"1",""
"1","="
"1",""
"1","="
"1",""
"1","="
"1",""
"1","="
"1",""
"1","="
"1",""
"1","="
"1",""
"1","="
"1",""
"1","="
"1",""
"1","="
"1",""
"1","="
"1",""
"1","="
"1",""
"1","="
"1",""
"1","="
"1",""
"1","="
"1",""
"1","="
"1",""
"1","="
"1",""
"1","="
"1",""
"1","="
"1",""
"1","="
"1",""
"1","="
"1",""
"1","="
"1",""
"1","="
"1",""
"1","="
"1",""
"1","="
"1",""
"1","="
"1",""
"1","="
"1",""
"1","="
"1",""
"1","="
"1",""
"1","="
"1",""
"1","="
"1",""
"1","="
"1",""
"1","="
"1",""
"1","="
"1",""
"1","="
"1",""
"1","="
"1",""
"1","="
"1",""
"1","="
"1",""
"1","="
"1",""
"1","="
"1",""
"1","="
"1",""
"1","="
"1",""
"1","="
"1",""
"1","="
"1",""
"1","="
"1",""
"1","="
"1",""
"1","="
"1",""
"1","="
"1",""
"1","="
"1",""
"1","="
"1",""
"1","="
"1",""
"1","="
"1",""
"1","="
"1",""
"1","="
"1",""
"1","="
"1",""
"1","="
"1",""
"1","="
"1",""
"1","="
"1",""
"1","="
"1",""
"1","="
"1",""
"1","="
"1",""
"1","="
"1",""
"1","="
"1",""
"1","="
"1",""
"1","="
"1",""
"1","="
"1",""
"1","="
"1",""
"1","="
"1",""
"1","="
"1",""
"1","="
"1",""
"1","="
"1",""
"1","="
"1",""
"1","="
"1",""
"1","="
"1",""
"1","="
"1",""
"1","="
"1",""
"1","
"
"1","Enter one or more choices:
"
"1","Separate multiple choices by ',' and intervals of choices by ':'
"
"1","('esc' = Quit, 'b' = Back, '*' = Select all, 'i' = Show id)"
"1"," "
"1","
"
"0","1"
"1",""
"1","="
"1",""
"1","="
"1",""
"1","="
"1",""
"1","="
"1",""
"1","="
"1",""
"1","="
"1",""
"1","="
"1",""
"1","="
"1",""
"1","="
"1",""
"1","="
"1",""
"1","="
"1",""
"1","="
"1",""
"1","="
"1",""
"1","="
"1",""
"1","="
"1",""
"1","="
"1",""
"1","="
"1",""
"1","="
"1",""
"1","="
"1",""
"1","="
"1",""
"1","="
"1",""
"1","="
"1",""
"1","="
"1",""
"1","="
"1",""
"1","="
"1",""
"1","="
"1",""
"1","="
"1",""
"1","="
"1",""
"1","="
"1",""
"1","="
"1",""
"1","="
"1",""
"1","="
"1",""
"1","="
"1",""
"1","="
"1",""
"1","="
"1",""
"1","="
"1",""
"1","="
"1",""
"1","="
"1",""
"1","="
"1",""
"1","="
"1",""
"1","="
"1",""
"1","="
"1",""
"1","="
"1",""
"1","="
"1",""
"1","="
"1",""
"1","="
"1",""
"1","="
"1",""
"1","="
"1",""
"1","="
"1",""
"1","="
"1",""
"1","="
"1",""
"1","="
"1",""
"1","="
"1",""
"1","="
"1",""
"1","="
"1",""
"1","="
"1",""
"1","="
"1",""
"1","="
"1",""
"1","="
"1",""
"1","="
"1",""
"1","="
"1",""
"1","="
"1",""
"1","="
"1",""
"1","="
"1",""
"1","="
"1",""
"1","="
"1",""
"1","="
"1",""
"1","="
"1",""
"1","="
"1",""
"1","="
"1",""
"1","="
"1",""
"1","="
"1",""
"1","="
"1",""
"1","="
"1",""
"1","="
"1",""
"1","="
"1",""
"1","="
"1",""
"1","="
"1",""
"1","="
"1",""
"1","="
"1",""
"1","="
"1",""
"1","="
"1",""
"1","="
"1",""
"1","="
"1",""
"1","="
"1",""
"1","="
"1",""
"1","="
"1",""
"1","="
"1",""
"1","="
"1",""
"1","="
"1",""
"1","="
"1",""
"1","="
"1",""
"1","="
"1",""
"1","="
"1",""
"1","="
"1",""
"1","="
"1",""
"1","="
"1",""
"1","="
"1",""
"1","="
"1",""
"1","="
"1",""
"1","="
"1",""
"1","="
"1",""
"1","="
"1",""
"1","="
"1",""
"1","="
"1",""
"1","="
"1",""
"1","
"
"1"," R PXWEB: Content of '"
"1",""
"1","api.scb.se"
"1",""
"1","'
"
"1","          at '"
"1",""
"1","/OV0104/v1/doris/sv/ssd/BE/BE0101/BE0101Y/FolkmDesoAldKon"
"1",""
"1","'
"
"1","   TABLE: "
"1",""
"1","Folkmängden per region efter region, ålder, kön, tabellinnehåll och år"
"1",""
"1","
"
"1","VARIABLE: "
"1",""
"1","Region, Alder, Kon, ContentsCode, [[Tid]]"
"1",""
"1","
"
"1","="
"1",""
"1","="
"1",""
"1","="
"1",""
"1","="
"1",""
"1","="
"1",""
"1","="
"1",""
"1","="
"1",""
"1","="
"1",""
"1","="
"1",""
"1","="
"1",""
"1","="
"1",""
"1","="
"1",""
"1","="
"1",""
"1","="
"1",""
"1","="
"1",""
"1","="
"1",""
"1","="
"1",""
"1","="
"1",""
"1","="
"1",""
"1","="
"1",""
"1","="
"1",""
"1","="
"1",""
"1","="
"1",""
"1","="
"1",""
"1","="
"1",""
"1","="
"1",""
"1","="
"1",""
"1","="
"1",""
"1","="
"1",""
"1","="
"1",""
"1","="
"1",""
"1","="
"1",""
"1","="
"1",""
"1","="
"1",""
"1","="
"1",""
"1","="
"1",""
"1","="
"1",""
"1","="
"1",""
"1","="
"1",""
"1","="
"1",""
"1","="
"1",""
"1","="
"1",""
"1","="
"1",""
"1","="
"1",""
"1","="
"1",""
"1","="
"1",""
"1","="
"1",""
"1","="
"1",""
"1","="
"1",""
"1","="
"1",""
"1","="
"1",""
"1","="
"1",""
"1","="
"1",""
"1","="
"1",""
"1","="
"1",""
"1","="
"1",""
"1","="
"1",""
"1","="
"1",""
"1","="
"1",""
"1","="
"1",""
"1","="
"1",""
"1","="
"1",""
"1","="
"1",""
"1","="
"1",""
"1","="
"1",""
"1","="
"1",""
"1","="
"1",""
"1","="
"1",""
"1","="
"1",""
"1","="
"1",""
"1","="
"1",""
"1","="
"1",""
"1","="
"1",""
"1","="
"1",""
"1","="
"1",""
"1","="
"1",""
"1","="
"1",""
"1","="
"1",""
"1","="
"1",""
"1","="
"1",""
"1","="
"1",""
"1","="
"1",""
"1","="
"1",""
"1","="
"1",""
"1","="
"1",""
"1","="
"1",""
"1","="
"1",""
"1","="
"1",""
"1","="
"1",""
"1","="
"1",""
"1","="
"1",""
"1","="
"1",""
"1","="
"1",""
"1","="
"1",""
"1","="
"1",""
"1","="
"1",""
"1","="
"1",""
"1","="
"1",""
"1","="
"1",""
"1","="
"1",""
"1","="
"1",""
"1","="
"1",""
"1","="
"1",""
"1","="
"1",""
"1","="
"1",""
"1","="
"1",""
"1","
"
"1"," ["
"1",""
"1","1"
"1",""
"1"," ] : "
"1",""
"1","2010"
"1",""
"1","
"
"1"," ["
"1",""
"1","2"
"1",""
"1"," ] : "
"1",""
"1","2011"
"1",""
"1","
"
"1"," ["
"1",""
"1","3"
"1",""
"1"," ] : "
"1",""
"1","2012"
"1",""
"1","
"
"1"," ["
"1",""
"1","4"
"1",""
"1"," ] : "
"1",""
"1","2013"
"1",""
"1","
"
"1","
"
"1"," ["
"1",""
"1","12"
"1",""
"1"," ] : "
"1",""
"1","2021"
"1",""
"1","
"
"1"," ["
"1",""
"1","13"
"1",""
"1"," ] : "
"1",""
"1","2022"
"1",""
"1","
"
"1"," ["
"1",""
"1","14"
"1",""
"1"," ] : "
"1",""
"1","2023"
"1",""
"1","
"
"1"," ["
"1",""
"1","15"
"1",""
"1"," ] : "
"1",""
"1","2024"
"1",""
"1","
"
"1","="
"1",""
"1","="
"1",""
"1","="
"1",""
"1","="
"1",""
"1","="
"1",""
"1","="
"1",""
"1","="
"1",""
"1","="
"1",""
"1","="
"1",""
"1","="
"1",""
"1","="
"1",""
"1","="
"1",""
"1","="
"1",""
"1","="
"1",""
"1","="
"1",""
"1","="
"1",""
"1","="
"1",""
"1","="
"1",""
"1","="
"1",""
"1","="
"1",""
"1","="
"1",""
"1","="
"1",""
"1","="
"1",""
"1","="
"1",""
"1","="
"1",""
"1","="
"1",""
"1","="
"1",""
"1","="
"1",""
"1","="
"1",""
"1","="
"1",""
"1","="
"1",""
"1","="
"1",""
"1","="
"1",""
"1","="
"1",""
"1","="
"1",""
"1","="
"1",""
"1","="
"1",""
"1","="
"1",""
"1","="
"1",""
"1","="
"1",""
"1","="
"1",""
"1","="
"1",""
"1","="
"1",""
"1","="
"1",""
"1","="
"1",""
"1","="
"1",""
"1","="
"1",""
"1","="
"1",""
"1","="
"1",""
"1","="
"1",""
"1","="
"1",""
"1","="
"1",""
"1","="
"1",""
"1","="
"1",""
"1","="
"1",""
"1","="
"1",""
"1","="
"1",""
"1","="
"1",""
"1","="
"1",""
"1","="
"1",""
"1","="
"1",""
"1","="
"1",""
"1","="
"1",""
"1","="
"1",""
"1","="
"1",""
"1","="
"1",""
"1","="
"1",""
"1","="
"1",""
"1","="
"1",""
"1","="
"1",""
"1","="
"1",""
"1","="
"1",""
"1","="
"1",""
"1","="
"1",""
"1","="
"1",""
"1","="
"1",""
"1","="
"1",""
"1","="
"1",""
"1","="
"1",""
"1","="
"1",""
"1","="
"1",""
"1","="
"1",""
"1","="
"1",""
"1","="
"1",""
"1","="
"1",""
"1","="
"1",""
"1","="
"1",""
"1","="
"1",""
"1","="
"1",""
"1","="
"1",""
"1","="
"1",""
"1","="
"1",""
"1","="
"1",""
"1","="
"1",""
"1","="
"1",""
"1","="
"1",""
"1","="
"1",""
"1","="
"1",""
"1","="
"1",""
"1","="
"1",""
"1","="
"1",""
"1","="
"1",""
"1","="
"1",""
"1","="
"1",""
"1","="
"1",""
"1","="
"1",""
"1","
"
"1","Enter one or more choices:
"
"1","Separate multiple choices by ',' and intervals of choices by ':'
"
"1","('esc' = Quit, 'b' = Back, '*' = Select all, 'a' = Show all, 'i' = Show id)"
"1"," "
"1","
"
"0","2024"
"1","Incorrect choice.
"
"1","Enter one or more choices:
"
"1","Separate multiple choices by ',' and intervals of choices by ':'
"
"1","('esc' = Quit, 'b' = Back, '*' = Select all, 'a' = Show all, 'i' = Show id)"
"1"," "
"1","
"
"0","15"
"1","Do you want to print code to query and download data?
"
"1","Enter your choice:
"
"1","('esc' = Quit, 'y' = Yes, 'n' = No)"
"1"," "
"1","
"
"0","y"
"1","Do you want to print query in json format (otherwise query is printed as an R list)?
"
"1","Enter your choice:
"
"1","('esc' = Quit, 'y' = Yes, 'n' = No)"
"1"," "
"1","
"
"0","n"
"1","Do you want to download the data?
"
"1","Enter your choice:
"
"1","('esc' = Quit, 'y' = Yes, 'n' = No)"
"1"," "
"1","
"
"0","y"
"1","Do you want to return a the data as a data.frame?
"
"1","Enter your choice:
"
"1","('esc' = Quit, 'y' = Yes, 'n' = No)"
"1"," "
"1","
"
"0","y"
"1","Do you want to print citation for the data?
"
"1","Enter your choice:
"
"1","('esc' = Quit, 'y' = Yes, 'n' = No)"
"1"," "
"1","
"
"0","n"
"1","# PXWEB query 
"
"1","pxweb_query_list <- "
"1","
"
"1","  list(""Region""=c(""0114A0010_DeSO2025""),"
"1","
"
"1","       ""Alder""=c(""totalt""),"
"1","
"
"1","       ""Kon""=c(""1+2""),"
"1","
"
"1","       ""ContentsCode""=c(""000007Y7""),"
"1","
"
"1","       ""Tid""=c(""2024""))"
"1","
"
"1","
"
"1","# Download data 
"
"1",""
"1","px_data <- 
"
"1",""
"1","  pxweb_get(url = """
"1",""
"1","https://api.scb.se/OV0104/v1/doris/sv/ssd/BE/BE0101/BE0101Y/FolkmDesoAldKon"
"1",""
"1",""",
"
"1",""
"1","            query = "
"1",""
"1","pxweb_query_list"
"1",""
"1",")

"
"1","# Convert to data.frame 
"
"1",""
"1","px_data_frame <- as.data.frame(px_data, column.name.type = ""text"", variable.value.type = ""text"")

"
"1","# Get pxweb data comments 
"
"1",""
"1","px_data_comments <- pxweb_data_comments(px_data)
"
"1",""
"1","px_data_comments_df <- as.data.frame(px_data_comments)

"
"1","# Cite the data as 
"
"1",""
"1","pxweb_cite(px_data)

"
